id,numero_recolecta,nombre_cientifico,nombre_comun,habitat,datos_morfologicos,epoca_floracion,epoca_fructificacion,usos_tradicionales,note
658,POL-A20514E1-2023,Solanum lycopersicum,Tomate,,"Solanum lycopersicum, conocida comúnmente como tomate o tomatera es una especie de planta herbácea del género Solanum de la familia Solanaceae. Es una planta de importancia global por su uso como alimento.​ La planta es cultivada en el mundo entero para el consumo de su fruto, el tomate o jitomate, tanto fresco como procesado de diferentes maneras: salsa, puré, zumo, deshidratado, enlatado, etc.",,"Es una planta de importancia global por su uso como alimento.​ La planta es cultivada en el mundo entero para el consumo de su fruto, el tomate o jitomate, tanto fresco como procesado de diferentes maneras: salsa, puré, zumo, deshidratado, enlatado, etc.","Es una planta de importancia global por su uso como alimento.​ La planta es cultivada en el mundo entero para el consumo de su fruto, el tomate o jitomate, tanto fresco como procesado de diferentes maneras: salsa, puré, zumo, deshidratado, enlatado, etc.",
659,POL-942CCE48-2024,Lysiloma latisiliquum,Tzalam,"Habita en zonas con vegetación tropical húmeda y en las cercanías del manglar, en elevaciones menores a los 250 m s.","El tsalam o tzalam (Lysiloma latisiliquum), también llamado abey​ en las Antillas y Venezuela, es un árbol maderable de la familia de las fabáceas. Es nativo de la Florida en el sur de Estados Unidos, las Bahamas, el Caribe, sur de México y el norte de América Central.​ Sin embargo en su mayor parte se encuentra restringido a la península de Yucatán.","Es nativo de la Florida en el sur de Estados Unidos, las Bahamas, el Caribe, sur de México y el norte de América Central.​ Sin embargo en su mayor parte se encuentra restringido a la península de Yucatán.",,"El tsalam o tzalam (Lysiloma latisiliquum), también llamado abey​ en las Antillas y Venezuela, es un árbol maderable de la familia de las fabáceas.",
660,POL-1D296070-2023,Heliconia spp.,Heliconia,,Planta del grupo; características morfológicas varían por especie.,,,,fallback template (no wiki extract)
661,POL-9225F885-2024,Heliconia spp.,Heliconia,,Planta del grupo; características morfológicas varían por especie.,,,,fallback template (no wiki extract)
662,POL-4161CFEF-2025,Enterolobium cyclocarpum,Guanacaste,"Es un árbol nativo de América, de regiones tropicales y templadas cálidas.","Enterolobium cyclocarpum es una especie de árbol del orden Fabales, familia Fabaceae. Es un árbol nativo de América, de regiones tropicales y templadas cálidas.",,,Es una especie maderable y a veces se usa como árbol de ornato.,
663,POL-D7889A32-2024,Pistia stratiotes,Lechuga de agua,,Pistia stratiotes es la única especie del género monotípico Pistia. Esta planta acuática de la familia Araceae es llamada comúnmente repollito del agua o lechuga de agua.,,,,
664,POL-0B430BC5-2023,Ficus spp.,Higo,,Planta del grupo; características morfológicas varían por especie.,,,,fallback template (no wiki extract)
665,POL-43C948BA-2024,Enterolobium cyclocarpum,Guanacaste,"Es un árbol nativo de América, de regiones tropicales y templadas cálidas.","Enterolobium cyclocarpum es una especie de árbol del orden Fabales, familia Fabaceae. Es un árbol nativo de América, de regiones tropicales y templadas cálidas.",,,Es una especie maderable y a veces se usa como árbol de ornato.,
666,POL-8B98807E-2025,Piscidia piscipula,Jabín,"Piscidia piscipula, llamado comúnmente barbasco, palo de agua, jabil, jabín o chijol, es una especie de árbol tropical de tamaño mediano, de hojas caducas, nativa del sur de Florida, los Cayos de la Florida, Tejas, de Antillas y América Latina.","Piscidia piscipula, llamado comúnmente barbasco, palo de agua, jabil, jabín o chijol, es una especie de árbol tropical de tamaño mediano, de hojas caducas, nativa del sur de Florida, los Cayos de la Florida, Tejas, de Antillas y América Latina. El árbol tiene valor medicinal como analgésico y sedante.​ Piscidia piscipula fue descrita por (L.) Sarg.","Piscidia piscipula, llamado comúnmente barbasco, palo de agua, jabil, jabín o chijol, es una especie de árbol tropical de tamaño mediano, de hojas caducas, nativa del sur de Florida, los Cayos de la Florida, Tejas, de Antillas y América Latina.",,El árbol tiene valor medicinal como analgésico y sedante.​ Piscidia piscipula fue descrita por (L.) Sarg.,
667,POL-F35F1CB8-2023,Laguncularia racemosa,Mangle blanco,"Laguncularia racemosa, conocido también en Cuba como patabán,​ y en Colombia, Venezuela y Costa Rica como mangle blanco o mereicillo, es la única especie del género monotípico Laguncularia.","Laguncularia racemosa, conocido también en Cuba como patabán,​ y en Colombia, Venezuela y Costa Rica como mangle blanco o mereicillo, es la única especie del género monotípico Laguncularia.",,,,
668,POL-714C9522-2023,Bougainvillea spectabilis,Bugambilia,,Bougainvillea spectabilis es una planta trepadora de la familia Nyctaginaceae. Es originaria de Brasil donde se encuentra en la Amazonia y la Mata Atlántica.​,,,,
669,POL-2A9CCE9B-2023,Monstera deliciosa,Costilla de Adán,"Monstera deliciosa, llamada comúnmente cerimán o costilla de Adán, es una especie de planta trepadora de la familia Araceae, endémica de selvas tropicales, que se distribuye desde el centro y sur de México hasta el norte de Argentina.[cita requerida]","Monstera deliciosa, llamada comúnmente cerimán o costilla de Adán, es una especie de planta trepadora de la familia Araceae, endémica de selvas tropicales, que se distribuye desde el centro y sur de México hasta el norte de Argentina.[cita requerida]",,,,
670,POL-FEAAC02E-2024,Philodendron spp.,Filodendro,,Planta del grupo; características morfológicas varían por especie.,,,,fallback template (no wiki extract)
671,POL-AB343134-2023,Swietenia macrophylla,Caoba,"Swietenia macrophylla también llamado caoba de Honduras o caoba (o caobo) de hoja grande, 'aguano' y 'zopilote',​​ es una especie de árboles originaria de la zona intertropical americana perteneciente a la familia de las Meliaceae.","Swietenia macrophylla también llamado caoba de Honduras o caoba (o caobo) de hoja grande, 'aguano' y 'zopilote',​​ es una especie de árboles originaria de la zona intertropical americana perteneciente a la familia de las Meliaceae. Es cultivado como planta ornamental y por su madera que es muy cotizada y utilizada en ebanistería.​",,,Es cultivado como planta ornamental y por su madera que es muy cotizada y utilizada en ebanistería.​,
672,POL-44F7C527-2024,Eichhornia crassipes,Lirio acuático,Su abundancia cambia drásticamente las condiciones de los humedales.,"Quizás esté buscando el género Victoria de la familia de las ninfáceas. El jacinto de agua, lirio acuático, flor de bora, buchón de agua, camalote, aguapey, lechuguín,​ tarope, tarulla, taruya o  reyna (Eichhornia crassipes)  es una planta acuática de la familia de las Pontederiaceae.","El jacinto de agua, lirio acuático, flor de bora, buchón de agua, camalote, aguapey, lechuguín,​ tarope, tarulla, taruya o  reyna (Eichhornia crassipes)  es una planta acuática de la familia de las Pontederiaceae.",,"Es usada como planta medicinal, fertilizante de suelos y decorativa.",
673,POL-049AB5B8-2024,Bursera simaruba,Chaká,"El palo mulato (Bursera simaruba), también conocido como chacaj,​ carate,​ indio desnudo, jiote, jiñocuabo, chaká, encuero o almácigo, es un árbol de la familia Burseraceae, nativo de regiones tropicales de América desde el sudeste de Estados Unidos (sur de Florida), México, América Central, Cuba, las Antillas, Brasil, Colombia y Venezuela.","El palo mulato (Bursera simaruba), también conocido como chacaj,​ carate,​ indio desnudo, jiote, jiñocuabo, chaká, encuero o almácigo, es un árbol de la familia Burseraceae, nativo de regiones tropicales de América desde el sudeste de Estados Unidos (sur de Florida), México, América Central, Cuba, las Antillas, Brasil, Colombia y Venezuela. Su tronco es resinoso y aromático, y su corteza rojiza o verdosa, la cual se desprende en capas.","El palo mulato (Bursera simaruba), también conocido como chacaj,​ carate,​ indio desnudo, jiote, jiñocuabo, chaká, encuero o almácigo, es un árbol de la familia Burseraceae, nativo de regiones tropicales de América desde el sudeste de Estados Unidos (sur de Florida), México, América Central, Cuba, las Antillas, Brasil, Colombia y Venezuela.",,,
674,POL-16B4072F-2023,Solanum lycopersicum,Tomate,,"Solanum lycopersicum, conocida comúnmente como tomate o tomatera es una especie de planta herbácea del género Solanum de la familia Solanaceae. Es una planta de importancia global por su uso como alimento.​ La planta es cultivada en el mundo entero para el consumo de su fruto, el tomate o jitomate, tanto fresco como procesado de diferentes maneras: salsa, puré, zumo, deshidratado, enlatado, etc.",,"Es una planta de importancia global por su uso como alimento.​ La planta es cultivada en el mundo entero para el consumo de su fruto, el tomate o jitomate, tanto fresco como procesado de diferentes maneras: salsa, puré, zumo, deshidratado, enlatado, etc.","Es una planta de importancia global por su uso como alimento.​ La planta es cultivada en el mundo entero para el consumo de su fruto, el tomate o jitomate, tanto fresco como procesado de diferentes maneras: salsa, puré, zumo, deshidratado, enlatado, etc.",
675,POL-F257FDFA-2023,Ocimum basilicum,Albahaca,"Ocimum basilicum es una hierba aromática anual de la familia de las lamiáceas nativa de las regiones tropicales de África Central y el sudeste asiático, que se cultiva desde hace milenios.​ Es una planta tierna y se utiliza en cocinas de todo el mundo.","Ocimum basilicum es una hierba aromática anual de la familia de las lamiáceas nativa de las regiones tropicales de África Central y el sudeste asiático, que se cultiva desde hace milenios.​ Es una planta tierna y se utiliza en cocinas de todo el mundo. Hay muchas variedades de Ocimum basilicum, así como varias especies relacionadas.","thyrsiflora), Ocimum × citriodorum y el tulsí.",,,
676,POL-5A0F72D3-2025,Delonix regia,Flaming,"En América Tropical se considera como especie exótica ornamental, por lo que tiene una distribución amplia.","Delonix regia, comúnmente llamado Chivato, Tabachín, Malinche, Árbol de Caballero, Árbol de fuego​, Ponciana Real,  flamboyant, flamboyán, Framboyán de Madagascar o Clavellino de Madagascar, entre otros nombres, es un árbol de la familia de las fabáceas. Es uno de los árboles más coloridos del mundo por sus flores rojas, anaranjadas, y por su follaje verde brillante puede llegar a medir hasta 12 m.","Es uno de los árboles más coloridos del mundo por sus flores rojas, anaranjadas, y por su follaje verde brillante puede llegar a medir hasta 12 m.",,"En América Tropical se considera como especie exótica ornamental, por lo que tiene una distribución amplia.",
677,POL-DD2E605C-2025,Delonix regia,Flaming,"En América Tropical se considera como especie exótica ornamental, por lo que tiene una distribución amplia.","Delonix regia, comúnmente llamado Chivato, Tabachín, Malinche, Árbol de Caballero, Árbol de fuego​, Ponciana Real,  flamboyant, flamboyán, Framboyán de Madagascar o Clavellino de Madagascar, entre otros nombres, es un árbol de la familia de las fabáceas. Es uno de los árboles más coloridos del mundo por sus flores rojas, anaranjadas, y por su follaje verde brillante puede llegar a medir hasta 12 m.","Es uno de los árboles más coloridos del mundo por sus flores rojas, anaranjadas, y por su follaje verde brillante puede llegar a medir hasta 12 m.",,"En América Tropical se considera como especie exótica ornamental, por lo que tiene una distribución amplia.",
678,POL-FC6707E2-2023,Thymus vulgaris,Tomillo,,"El tomillo común (Thymus vulgaris), también tomillo vulgar o simplemente tomillo es un arbusto de la familia de las labiadas ampliamente usado en gastronomía y medicina. Se caracteriza por sus aceites esenciales que producen un olor aromático agradable e intenso, con el que atrae a polinizadores de Diptera e Hymenoptera.​​ Entre las diversas propiedades medicinales que tiene el tomillo se pueden mencionar que es digestivo, antiséptico y vigorizante.​​
Se considera una de las «hierbas mediterráneas», un grupo de plantas aromáticas que se usan en las cocinas tradicionales del Mediterráneo, junto con el romero, el orégano, la mejorana, la albahaca, etcétera.​ El tomillo vulgar se ha adaptado a otros ecosistemas en América, África y Asia.​ No se debe confundir el tomillo vulgar con el tomillo limón (T.",,,"El tomillo común (Thymus vulgaris), también tomillo vulgar o simplemente tomillo es un arbusto de la familia de las labiadas ampliamente usado en gastronomía y medicina.",
679,POL-AFC547CB-2023,Zea mays,Maíz,,"El maíz (Zea mays) o choclo es una especie de planta gramínea originaria de Mesoamérica. Su infrutescencia femenina se llama mazorca, elote o choclo y allí crecen granos comestibles.",,"Su infrutescencia femenina se llama mazorca, elote o choclo y allí crecen granos comestibles.",,
680,POL-9BE9E712-2024,Ceiba pentandra,Ceiba,"En algunas zonas al árbol y la fibra que se obtiene de las semillas se les llama en inglés como kapok, nombre derivado del malayo que originalmente se aplicaba a Bombax ceiba, nativo de Asia tropical.​ Es originario de la región de Mesoamérica y se distribuye mundialmente por la zona intertropical.​​ Se cultiva en plantaciones para la obtención de fibra y aceite, así como también se utiliza de forma ornamental, en la reforestación y la carpintería.​","Ceiba pentandra, llamado comúnmente ceiba, ceibo, pochote, huimba, o yaxché,​ es un árbol de la familia Malvaceae​ (anteriormente perteneciente a la familia Bombacaceae). En algunas zonas al árbol y la fibra que se obtiene de las semillas se les llama en inglés como kapok, nombre derivado del malayo que originalmente se aplicaba a Bombax ceiba, nativo de Asia tropical.​ Es originario de la región de Mesoamérica y se distribuye mundialmente por la zona intertropical.​​ Se cultiva en plantaciones para la obtención de fibra y aceite, así como también se utiliza de forma ornamental, en la reforestación y la carpintería.​",,"En algunas zonas al árbol y la fibra que se obtiene de las semillas se les llama en inglés como kapok, nombre derivado del malayo que originalmente se aplicaba a Bombax ceiba, nativo de Asia tropical.​ Es originario de la región de Mesoamérica y se distribuye mundialmente por la zona intertropical.​​ Se cultiva en plantaciones para la obtención de fibra y aceite, así como también se utiliza de forma ornamental, en la reforestación y la carpintería.​","En algunas zonas al árbol y la fibra que se obtiene de las semillas se les llama en inglés como kapok, nombre derivado del malayo que originalmente se aplicaba a Bombax ceiba, nativo de Asia tropical.​ Es originario de la región de Mesoamérica y se distribuye mundialmente por la zona intertropical.​​ Se cultiva en plantaciones para la obtención de fibra y aceite, así como también se utiliza de forma ornamental, en la reforestación y la carpintería.​",
681,POL-71CA30CB-2024,Plumeria rubra,Flor de mayo,"Plumeria rubra, de nombre común cacaloxóchitl, cacalosúchil, flor de mayo y franchipán, entre otros, es una especie del género Plumeria oriunda de México, América Central y Venezuela y ampliamente cultivada en zonas tropicales y subtropicales de todo el mundo,además de ser la Flor Nacional de Nicaragua.","Plumeria rubra, de nombre común cacaloxóchitl, cacalosúchil, flor de mayo y franchipán, entre otros, es una especie del género Plumeria oriunda de México, América Central y Venezuela y ampliamente cultivada en zonas tropicales y subtropicales de todo el mundo,además de ser la Flor Nacional de Nicaragua.","Plumeria rubra, de nombre común cacaloxóchitl, cacalosúchil, flor de mayo y franchipán, entre otros, es una especie del género Plumeria oriunda de México, América Central y Venezuela y ampliamente cultivada en zonas tropicales y subtropicales de todo el mundo,además de ser la Flor Nacional de Nicaragua.",,,
682,POL-660EF856-2025,Zea mays,Maíz,,"El maíz (Zea mays) o choclo es una especie de planta gramínea originaria de Mesoamérica. Su infrutescencia femenina se llama mazorca, elote o choclo y allí crecen granos comestibles.",,"Su infrutescencia femenina se llama mazorca, elote o choclo y allí crecen granos comestibles.",,
683,POL-B1789989-2025,Phaseolus vulgaris,Frijol,,"Phaseolus vulgaris es la especie más conocida del género Phaseolus en la familia Fabaceae. Sus semillas y, por extensión, la propia planta, reciben diversos nombres según la región; entre los más comunes están: alubia,​ judía, frijol,​ frísol,​ frejol,​ habichuela,​​ caraota,​ poroto,​​ etc.",,"Sus semillas y, por extensión, la propia planta, reciben diversos nombres según la región; entre los más comunes están: alubia,​ judía, frijol,​ frísol,​ frejol,​ habichuela,​​ caraota,​ poroto,​​ etc.",,
684,POL-15AD3370-2024,Piscidia piscipula,Jabín,"Piscidia piscipula, llamado comúnmente barbasco, palo de agua, jabil, jabín o chijol, es una especie de árbol tropical de tamaño mediano, de hojas caducas, nativa del sur de Florida, los Cayos de la Florida, Tejas, de Antillas y América Latina.","Piscidia piscipula, llamado comúnmente barbasco, palo de agua, jabil, jabín o chijol, es una especie de árbol tropical de tamaño mediano, de hojas caducas, nativa del sur de Florida, los Cayos de la Florida, Tejas, de Antillas y América Latina. El árbol tiene valor medicinal como analgésico y sedante.​ Piscidia piscipula fue descrita por (L.) Sarg.","Piscidia piscipula, llamado comúnmente barbasco, palo de agua, jabil, jabín o chijol, es una especie de árbol tropical de tamaño mediano, de hojas caducas, nativa del sur de Florida, los Cayos de la Florida, Tejas, de Antillas y América Latina.",,El árbol tiene valor medicinal como analgésico y sedante.​ Piscidia piscipula fue descrita por (L.) Sarg.,
685,POL-2528F032-2025,Plumeria rubra,Flor de mayo,"Plumeria rubra, de nombre común cacaloxóchitl, cacalosúchil, flor de mayo y franchipán, entre otros, es una especie del género Plumeria oriunda de México, América Central y Venezuela y ampliamente cultivada en zonas tropicales y subtropicales de todo el mundo,además de ser la Flor Nacional de Nicaragua.","Plumeria rubra, de nombre común cacaloxóchitl, cacalosúchil, flor de mayo y franchipán, entre otros, es una especie del género Plumeria oriunda de México, América Central y Venezuela y ampliamente cultivada en zonas tropicales y subtropicales de todo el mundo,además de ser la Flor Nacional de Nicaragua.","Plumeria rubra, de nombre común cacaloxóchitl, cacalosúchil, flor de mayo y franchipán, entre otros, es una especie del género Plumeria oriunda de México, América Central y Venezuela y ampliamente cultivada en zonas tropicales y subtropicales de todo el mundo,además de ser la Flor Nacional de Nicaragua.",,,
686,POL-048C8E7E-2024,Hibiscus rosa-sinensis,Hibisco,,"Hibiscus rosa-sinensis, llamado comúnmente rosa de China, cayena,  amapola, hibisco, gumamela, entre otros nombres,​ es un arbusto caducifolio de la familia de las malváceas, originario de Asia oriental.",,,,
687,POL-C8FAE333-2024,Heliconia spp.,Heliconia,,Planta del grupo; características morfológicas varían por especie.,,,,fallback template (no wiki extract)
688,POL-2158D3FE-2024,Attalea cohune,Cohune,,El corozo (Attalea cohune) es una palmera que se encuentra dentro de la familia Arecaceae.,,,,
689,POL-1F3FEC59-2025,Swietenia macrophylla,Caoba,"Swietenia macrophylla también llamado caoba de Honduras o caoba (o caobo) de hoja grande, 'aguano' y 'zopilote',​​ es una especie de árboles originaria de la zona intertropical americana perteneciente a la familia de las Meliaceae.","Swietenia macrophylla también llamado caoba de Honduras o caoba (o caobo) de hoja grande, 'aguano' y 'zopilote',​​ es una especie de árboles originaria de la zona intertropical americana perteneciente a la familia de las Meliaceae. Es cultivado como planta ornamental y por su madera que es muy cotizada y utilizada en ebanistería.​",,,Es cultivado como planta ornamental y por su madera que es muy cotizada y utilizada en ebanistería.​,
690,POL-DA09A10D-2025,Pistia stratiotes,Lechuga de agua,,Pistia stratiotes es la única especie del género monotípico Pistia. Esta planta acuática de la familia Araceae es llamada comúnmente repollito del agua o lechuga de agua.,,,,
691,POL-60A44F19-2024,Cucurbita pepo,Calabaza,,"Cucurbita pepo es el nombre científico de una especie de plantas cucurbitáceas originaria de Mesoamérica y sur de Estados Unidos, que junto con otras especies emparentadas (Cucurbita maxima, C. moschata, C.",,"argyrosperma) forman un grupo de especies de calabazas cuyas variedades cultivadas, de las que se cosecha su fruto maduro o inmaduro, poseen usos culinarios indistinguibles (son los zapallos, calabacines, zapallitos, zapallo italiano, auyamas, ahuyamas, pipianes, ayotes, zuquini, zucchini, etc).","argyrosperma) forman un grupo de especies de calabazas cuyas variedades cultivadas, de las que se cosecha su fruto maduro o inmaduro, poseen usos culinarios indistinguibles (son los zapallos, calabacines, zapallitos, zapallo italiano, auyamas, ahuyamas, pipianes, ayotes, zuquini, zucchini, etc).",
692,POL-E6BBA899-2022,Heliconia spp.,Heliconia,,Planta del grupo; características morfológicas varían por especie.,,,,fallback template (no wiki extract)
693,POL-27314B31-2024,Monstera deliciosa,Costilla de Adán,"Monstera deliciosa, llamada comúnmente cerimán o costilla de Adán, es una especie de planta trepadora de la familia Araceae, endémica de selvas tropicales, que se distribuye desde el centro y sur de México hasta el norte de Argentina.[cita requerida]","Monstera deliciosa, llamada comúnmente cerimán o costilla de Adán, es una especie de planta trepadora de la familia Araceae, endémica de selvas tropicales, que se distribuye desde el centro y sur de México hasta el norte de Argentina.[cita requerida]",,,,
694,POL-62A16A8E-2024,Zea mays,Maíz,,"El maíz (Zea mays) o choclo es una especie de planta gramínea originaria de Mesoamérica. Su infrutescencia femenina se llama mazorca, elote o choclo y allí crecen granos comestibles.",,"Su infrutescencia femenina se llama mazorca, elote o choclo y allí crecen granos comestibles.",,
695,POL-167F81D3-2022,Ipomoea batatas,Camote,,"Ipomoea batatas, llamada comúnmente batata,​ chaco,​ papa dulce, patata dulce,​ papa camote, camote,​ moniato,​ boniato,​ o apichu,​ es una planta de la familia Convolvulaceae, cultivada en gran parte del mundo por su raíz tuberosa comestible, de sabor dulce.",,,,
696,POL-3C8A56DA-2024,Conocarpus erectus,Mangle botoncillo,"El mangle botoncillo o mangle zaragoza (Conocarpus erectus) es un árbol de la familia Combretaceae que crece en las costas, en las regiones tropicales y subtropicales de todo el mundo, incluyendo Florida, las Bermudas, las Bahamas, el Caribe, Centroamérica y desde el sur de México hasta Brasil en la costa atlántica y de México a Ecuador en la costa del Pacífico, así como en África occidental, Melanesia y Polinesia.","El mangle botoncillo o mangle zaragoza (Conocarpus erectus) es un árbol de la familia Combretaceae que crece en las costas, en las regiones tropicales y subtropicales de todo el mundo, incluyendo Florida, las Bermudas, las Bahamas, el Caribe, Centroamérica y desde el sur de México hasta Brasil en la costa atlántica y de México a Ecuador en la costa del Pacífico, así como en África occidental, Melanesia y Polinesia. Es una de las dos especies de mangles pertenecientes al género Conocarpus.","El mangle botoncillo o mangle zaragoza (Conocarpus erectus) es un árbol de la familia Combretaceae que crece en las costas, en las regiones tropicales y subtropicales de todo el mundo, incluyendo Florida, las Bermudas, las Bahamas, el Caribe, Centroamérica y desde el sur de México hasta Brasil en la costa atlántica y de México a Ecuador en la costa del Pacífico, así como en África occidental, Melanesia y Polinesia.",,,
697,POL-3D6D3F5F-2024,Zea mays,Maíz,,"El maíz (Zea mays) o choclo es una especie de planta gramínea originaria de Mesoamérica. Su infrutescencia femenina se llama mazorca, elote o choclo y allí crecen granos comestibles.",,"Su infrutescencia femenina se llama mazorca, elote o choclo y allí crecen granos comestibles.",,
698,POL-5378B609-2024,Monstera deliciosa,Costilla de Adán,"Monstera deliciosa, llamada comúnmente cerimán o costilla de Adán, es una especie de planta trepadora de la familia Araceae, endémica de selvas tropicales, que se distribuye desde el centro y sur de México hasta el norte de Argentina.[cita requerida]","Monstera deliciosa, llamada comúnmente cerimán o costilla de Adán, es una especie de planta trepadora de la familia Araceae, endémica de selvas tropicales, que se distribuye desde el centro y sur de México hasta el norte de Argentina.[cita requerida]",,,,
699,POL-685A49D3-2024,Astrocaryum mexicanum,Chocho,,Astrocaryum mexicanum es una especie de planta de la familia de las palmeras (Arecaceae). Astrocaryum mexicanum fue descrita por Liebm.,,,,
700,POL-B1832058-2024,Astrocaryum mexicanum,Chocho,,Astrocaryum mexicanum es una especie de planta de la familia de las palmeras (Arecaceae). Astrocaryum mexicanum fue descrita por Liebm.,,,,
701,POL-E9BA3C55-2024,Piscidia piscipula,Jabín,"Piscidia piscipula, llamado comúnmente barbasco, palo de agua, jabil, jabín o chijol, es una especie de árbol tropical de tamaño mediano, de hojas caducas, nativa del sur de Florida, los Cayos de la Florida, Tejas, de Antillas y América Latina.","Piscidia piscipula, llamado comúnmente barbasco, palo de agua, jabil, jabín o chijol, es una especie de árbol tropical de tamaño mediano, de hojas caducas, nativa del sur de Florida, los Cayos de la Florida, Tejas, de Antillas y América Latina. El árbol tiene valor medicinal como analgésico y sedante.​ Piscidia piscipula fue descrita por (L.) Sarg.","Piscidia piscipula, llamado comúnmente barbasco, palo de agua, jabil, jabín o chijol, es una especie de árbol tropical de tamaño mediano, de hojas caducas, nativa del sur de Florida, los Cayos de la Florida, Tejas, de Antillas y América Latina.",,El árbol tiene valor medicinal como analgésico y sedante.​ Piscidia piscipula fue descrita por (L.) Sarg.,
702,POL-174076A0-2023,Philodendron spp.,Filodendro,,Planta del grupo; características morfológicas varían por especie.,,,,fallback template (no wiki extract)
703,POL-701B52E7-2024,Sabal mexicana,Palma real,,"Sabal mexicana, llamado comúnmente palmito mexicano o palma de petate,​ es una especie de la familia de las  Arecaceae nativa de Norteamérica. Está estrechamente emparentado con Sabal guatemalensis, y las dos especies pueden ser sinónimos.​​",,,,
704,POL-A8EFC13C-2025,Ficus spp.,Higo,,Planta del grupo; características morfológicas varían por especie.,,,,fallback template (no wiki extract)
705,POL-95D48721-2025,Ficus spp.,Higo,,Planta del grupo; características morfológicas varían por especie.,,,,fallback template (no wiki extract)
706,POL-0873BE34-2024,Cordia dodecandra,Siricote,,"El siricote o ciricote (Cordia dodecandra)​es un árbol de la familia de las Boraginaceas, originario del sur de México, Guatemala y Belice. Es un árbol caducifolio de flores amarillo-rojizas que llega a crecer hasta 30 m de altura.",Es un árbol caducifolio de flores amarillo-rojizas que llega a crecer hasta 30 m de altura.,"Generalmente se cultiva con fines de ornamentación; además, su madera se usa para la fabricación de muebles y guitarras y como remedio casero contra resfriados; su fruta es comestible y sus hojas se usan con fines de limpieza.​","Generalmente se cultiva con fines de ornamentación; además, su madera se usa para la fabricación de muebles y guitarras y como remedio casero contra resfriados; su fruta es comestible y sus hojas se usan con fines de limpieza.​",
707,POL-C9CEDDCD-2024,Tabebuia rosea,Maculís,"Tabebuia rosea, llamado comúnmente tajibo, apamate, mocoque,  matilisguate en Guatemala, maculís, macuilís, macuelizo, maquilishuat, guayacán rosado o  roble de sabana , es un árbol de la familia de las bignonáceas.​ Es nativo de México, Guatemala, El Salvador  y otras regiones de Centroamérica, llegando a Colombia (Villeta, Cundinamarca), Panamá, Venezuela y Perú.","Tabebuia rosea, llamado comúnmente tajibo, apamate, mocoque,  matilisguate en Guatemala, maculís, macuilís, macuelizo, maquilishuat, guayacán rosado o  roble de sabana , es un árbol de la familia de las bignonáceas.​ Es nativo de México, Guatemala, El Salvador  y otras regiones de Centroamérica, llegando a Colombia (Villeta, Cundinamarca), Panamá, Venezuela y Perú. Es el árbol nacional de El Salvador,​ Se utiliza como árbol ornamental en parques, plazas y avenidas; y por su madera usada en ebanistería.​",,,"Es el árbol nacional de El Salvador,​ Se utiliza como árbol ornamental en parques, plazas y avenidas; y por su madera usada en ebanistería.​",
708,POL-61DA8404-2024,Ipomoea batatas,Camote,,"Ipomoea batatas, llamada comúnmente batata,​ chaco,​ papa dulce, patata dulce,​ papa camote, camote,​ moniato,​ boniato,​ o apichu,​ es una planta de la familia Convolvulaceae, cultivada en gran parte del mundo por su raíz tuberosa comestible, de sabor dulce.",,,,
709,POL-0B7D17E3-2023,Conocarpus erectus,Mangle botoncillo,"El mangle botoncillo o mangle zaragoza (Conocarpus erectus) es un árbol de la familia Combretaceae que crece en las costas, en las regiones tropicales y subtropicales de todo el mundo, incluyendo Florida, las Bermudas, las Bahamas, el Caribe, Centroamérica y desde el sur de México hasta Brasil en la costa atlántica y de México a Ecuador en la costa del Pacífico, así como en África occidental, Melanesia y Polinesia.","El mangle botoncillo o mangle zaragoza (Conocarpus erectus) es un árbol de la familia Combretaceae que crece en las costas, en las regiones tropicales y subtropicales de todo el mundo, incluyendo Florida, las Bermudas, las Bahamas, el Caribe, Centroamérica y desde el sur de México hasta Brasil en la costa atlántica y de México a Ecuador en la costa del Pacífico, así como en África occidental, Melanesia y Polinesia. Es una de las dos especies de mangles pertenecientes al género Conocarpus.","El mangle botoncillo o mangle zaragoza (Conocarpus erectus) es un árbol de la familia Combretaceae que crece en las costas, en las regiones tropicales y subtropicales de todo el mundo, incluyendo Florida, las Bermudas, las Bahamas, el Caribe, Centroamérica y desde el sur de México hasta Brasil en la costa atlántica y de México a Ecuador en la costa del Pacífico, así como en África occidental, Melanesia y Polinesia.",,,
710,POL-301B6BC7-2024,Bixa orellana,Achiote,"Bixa orellana, llamada comúnmente​​ achiote, achote, achuete, acotillo, anate, bija, cacicuto, onoto, rocú, urucú, ururú, además de otros nombres locales, es una especie botánica arborescente de la familia de las bixáceas, de las regiones intertropicales de América, cultivado específicamente en América Central, Bolivia desde la época precolombina, Brasil, Colombia, Ecuador, México, Perú, República Dominicana y Venezuela​ En Paraguay crece en forma espontánea en el sotobosque nativo.","Bixa orellana, llamada comúnmente​​ achiote, achote, achuete, acotillo, anate, bija, cacicuto, onoto, rocú, urucú, ururú, además de otros nombres locales, es una especie botánica arborescente de la familia de las bixáceas, de las regiones intertropicales de América, cultivado específicamente en América Central, Bolivia desde la época precolombina, Brasil, Colombia, Ecuador, México, Perú, República Dominicana y Venezuela​ En Paraguay crece en forma espontánea en el sotobosque nativo. De su fruto se obtiene la especia homónima, empleada como colorante y condimento en la comida popular.",,"De su fruto se obtiene la especia homónima, empleada como colorante y condimento en la comida popular.",,
711,POL-D4BD219A-2024,Bougainvillea spectabilis,Bugambilia,,Bougainvillea spectabilis es una planta trepadora de la familia Nyctaginaceae. Es originaria de Brasil donde se encuentra en la Amazonia y la Mata Atlántica.​,,,,
712,POL-6CA314F0-2023,Capsicum annuum,Chile,,"Capsicum annuum, llamado comúnmente pimiento morrón, pimiento dulce, chile morrón, ají morrón, ají dulce, locote o en algunos países pimentón, entre una multitud de localismos, es la especie más conocida, extendida y cultivada del género Capsicum, de la familia de las solanáceas. Todas las innumerables formas, tamaños, colores y sabores de sus frutos, descritos y nombrados en la cultura popular, corresponden en realidad a esta misma especie.",,"Todas las innumerables formas, tamaños, colores y sabores de sus frutos, descritos y nombrados en la cultura popular, corresponden en realidad a esta misma especie.",,
713,POL-814BD852-2025,Enterolobium cyclocarpum,Guanacaste,"Es un árbol nativo de América, de regiones tropicales y templadas cálidas.","Enterolobium cyclocarpum es una especie de árbol del orden Fabales, familia Fabaceae. Es un árbol nativo de América, de regiones tropicales y templadas cálidas.",,,Es una especie maderable y a veces se usa como árbol de ornato.,
714,POL-6F28134C-2025,Anthurium spp.,Anturio,,Planta del grupo; características morfológicas varían por especie.,,,,fallback template (no wiki extract)
715,POL-287027B3-2024,Cucurbita pepo,Calabaza,,"Cucurbita pepo es el nombre científico de una especie de plantas cucurbitáceas originaria de Mesoamérica y sur de Estados Unidos, que junto con otras especies emparentadas (Cucurbita maxima, C. moschata, C.",,"argyrosperma) forman un grupo de especies de calabazas cuyas variedades cultivadas, de las que se cosecha su fruto maduro o inmaduro, poseen usos culinarios indistinguibles (son los zapallos, calabacines, zapallitos, zapallo italiano, auyamas, ahuyamas, pipianes, ayotes, zuquini, zucchini, etc).","argyrosperma) forman un grupo de especies de calabazas cuyas variedades cultivadas, de las que se cosecha su fruto maduro o inmaduro, poseen usos culinarios indistinguibles (son los zapallos, calabacines, zapallitos, zapallo italiano, auyamas, ahuyamas, pipianes, ayotes, zuquini, zucchini, etc).",
716,POL-BB2DD74E-2025,Chamaedorea elegans,Palma camedor,,"Chamaedorea elegans, también conocida como camaedorea, pacaya o palmera de salón, es una especie de pequeña palmera perteneciente a la familia Arecaceae. Es muy popular como planta de interior.",,,,
717,POL-F5A19952-2024,Cucurbita pepo,Calabaza,,"Cucurbita pepo es el nombre científico de una especie de plantas cucurbitáceas originaria de Mesoamérica y sur de Estados Unidos, que junto con otras especies emparentadas (Cucurbita maxima, C. moschata, C.",,"argyrosperma) forman un grupo de especies de calabazas cuyas variedades cultivadas, de las que se cosecha su fruto maduro o inmaduro, poseen usos culinarios indistinguibles (son los zapallos, calabacines, zapallitos, zapallo italiano, auyamas, ahuyamas, pipianes, ayotes, zuquini, zucchini, etc).","argyrosperma) forman un grupo de especies de calabazas cuyas variedades cultivadas, de las que se cosecha su fruto maduro o inmaduro, poseen usos culinarios indistinguibles (son los zapallos, calabacines, zapallitos, zapallo italiano, auyamas, ahuyamas, pipianes, ayotes, zuquini, zucchini, etc).",
718,POL-34CE3056-2024,Mentha spicata,Menta,,"Mentha spicata, conocida popularmente como hierbabuena, yerbabuena o menta de jardín, es una especie del género Mentha, una hierba aromática muy empleada en gastronomía y perfumería por su aroma intenso y fresco.",,,,
719,POL-48AFFFE3-2023,Roystonea regia,Palma real cubana,,"Roystonea regia, conocida como palma real, es una especie de  palma cuya altura, elegancia y fácil cultivo la ha convertido en una de los árboles utilizados como ornamental más común en el mundo. Es también el más simbólico de los campos de Cuba,  donde es reconocido como árbol nacional.",,,"Roystonea regia, conocida como palma real, es una especie de  palma cuya altura, elegancia y fácil cultivo la ha convertido en una de los árboles utilizados como ornamental más común en el mundo.",
720,POL-31CE0BB5-2025,Solanum lycopersicum,Tomate,,"Solanum lycopersicum, conocida comúnmente como tomate o tomatera es una especie de planta herbácea del género Solanum de la familia Solanaceae. Es una planta de importancia global por su uso como alimento.​ La planta es cultivada en el mundo entero para el consumo de su fruto, el tomate o jitomate, tanto fresco como procesado de diferentes maneras: salsa, puré, zumo, deshidratado, enlatado, etc.",,"Es una planta de importancia global por su uso como alimento.​ La planta es cultivada en el mundo entero para el consumo de su fruto, el tomate o jitomate, tanto fresco como procesado de diferentes maneras: salsa, puré, zumo, deshidratado, enlatado, etc.","Es una planta de importancia global por su uso como alimento.​ La planta es cultivada en el mundo entero para el consumo de su fruto, el tomate o jitomate, tanto fresco como procesado de diferentes maneras: salsa, puré, zumo, deshidratado, enlatado, etc.",
721,POL-AC563142-2023,Piscidia piscipula,Jabín,"Piscidia piscipula, llamado comúnmente barbasco, palo de agua, jabil, jabín o chijol, es una especie de árbol tropical de tamaño mediano, de hojas caducas, nativa del sur de Florida, los Cayos de la Florida, Tejas, de Antillas y América Latina.","Piscidia piscipula, llamado comúnmente barbasco, palo de agua, jabil, jabín o chijol, es una especie de árbol tropical de tamaño mediano, de hojas caducas, nativa del sur de Florida, los Cayos de la Florida, Tejas, de Antillas y América Latina. El árbol tiene valor medicinal como analgésico y sedante.​ Piscidia piscipula fue descrita por (L.) Sarg.","Piscidia piscipula, llamado comúnmente barbasco, palo de agua, jabil, jabín o chijol, es una especie de árbol tropical de tamaño mediano, de hojas caducas, nativa del sur de Florida, los Cayos de la Florida, Tejas, de Antillas y América Latina.",,El árbol tiene valor medicinal como analgésico y sedante.​ Piscidia piscipula fue descrita por (L.) Sarg.,
722,POL-0838F96C-2024,Enterolobium cyclocarpum,Guanacaste,"Es un árbol nativo de América, de regiones tropicales y templadas cálidas.","Enterolobium cyclocarpum es una especie de árbol del orden Fabales, familia Fabaceae. Es un árbol nativo de América, de regiones tropicales y templadas cálidas.",,,Es una especie maderable y a veces se usa como árbol de ornato.,
723,POL-9B74F9E9-2024,Eichhornia crassipes,Lirio acuático,Su abundancia cambia drásticamente las condiciones de los humedales.,"Quizás esté buscando el género Victoria de la familia de las ninfáceas. El jacinto de agua, lirio acuático, flor de bora, buchón de agua, camalote, aguapey, lechuguín,​ tarope, tarulla, taruya o  reyna (Eichhornia crassipes)  es una planta acuática de la familia de las Pontederiaceae.","El jacinto de agua, lirio acuático, flor de bora, buchón de agua, camalote, aguapey, lechuguín,​ tarope, tarulla, taruya o  reyna (Eichhornia crassipes)  es una planta acuática de la familia de las Pontederiaceae.",,"Es usada como planta medicinal, fertilizante de suelos y decorativa.",
724,POL-8F5D4C5B-2024,Manihot esculenta,Yuca,Es originaria del centro de América del Sur y se ha cultivado en la mayor parte de las zonas tropicales y subtropicales del continente americano.,"Manihot esculenta, llamada comúnmente yuca, aipim, casabe, casava, guacamota, lumu o mandioca, es un arbusto perenne de la familia de las euforbiáceas extensamente cultivado en América, África y Oceanía por sus raíces con almidones de alto valor alimentario. Es originaria del centro de América del Sur y se ha cultivado en la mayor parte de las zonas tropicales y subtropicales del continente americano.",,,"Manihot esculenta, llamada comúnmente yuca, aipim, casabe, casava, guacamota, lumu o mandioca, es un arbusto perenne de la familia de las euforbiáceas extensamente cultivado en América, África y Oceanía por sus raíces con almidones de alto valor alimentario.",
725,POL-D0063E14-2023,Bixa orellana,Achiote,"Bixa orellana, llamada comúnmente​​ achiote, achote, achuete, acotillo, anate, bija, cacicuto, onoto, rocú, urucú, ururú, además de otros nombres locales, es una especie botánica arborescente de la familia de las bixáceas, de las regiones intertropicales de América, cultivado específicamente en América Central, Bolivia desde la época precolombina, Brasil, Colombia, Ecuador, México, Perú, República Dominicana y Venezuela​ En Paraguay crece en forma espontánea en el sotobosque nativo.","Bixa orellana, llamada comúnmente​​ achiote, achote, achuete, acotillo, anate, bija, cacicuto, onoto, rocú, urucú, ururú, además de otros nombres locales, es una especie botánica arborescente de la familia de las bixáceas, de las regiones intertropicales de América, cultivado específicamente en América Central, Bolivia desde la época precolombina, Brasil, Colombia, Ecuador, México, Perú, República Dominicana y Venezuela​ En Paraguay crece en forma espontánea en el sotobosque nativo. De su fruto se obtiene la especia homónima, empleada como colorante y condimento en la comida popular.",,"De su fruto se obtiene la especia homónima, empleada como colorante y condimento en la comida popular.",,
726,POL-B46CFDBA-2023,Cordia dodecandra,Siricote,,"El siricote o ciricote (Cordia dodecandra)​es un árbol de la familia de las Boraginaceas, originario del sur de México, Guatemala y Belice. Es un árbol caducifolio de flores amarillo-rojizas que llega a crecer hasta 30 m de altura.",Es un árbol caducifolio de flores amarillo-rojizas que llega a crecer hasta 30 m de altura.,"Generalmente se cultiva con fines de ornamentación; además, su madera se usa para la fabricación de muebles y guitarras y como remedio casero contra resfriados; su fruta es comestible y sus hojas se usan con fines de limpieza.​","Generalmente se cultiva con fines de ornamentación; además, su madera se usa para la fabricación de muebles y guitarras y como remedio casero contra resfriados; su fruta es comestible y sus hojas se usan con fines de limpieza.​",
727,POL-F56DAEC9-2025,Brosimum alicastrum,Ramon,,"El ramón (Brosimum alicastrum), ojoche, nogal maya, o guáimaro (en la costa Caribe de Colombia)  es un árbol de la familia de las Moraceae, división de las angiospermas, que incluye las del género Ficus y las moreras. Se encuentra desde México hasta Perú y Brasil, pasando por Guatemala, El Salvador, Honduras, Nicaragua, Costa Rica, Panamá, Guyana, Venezuela, Brasil, Bolivia, Colombia, Ecuador.",,,,
728,POL-BB064BDB-2022,Hibiscus rosa-sinensis,Hibisco,,"Hibiscus rosa-sinensis, llamado comúnmente rosa de China, cayena,  amapola, hibisco, gumamela, entre otros nombres,​ es un arbusto caducifolio de la familia de las malváceas, originario de Asia oriental.",,,,
729,POL-EAACB220-2024,Ocimum basilicum,Albahaca,"Ocimum basilicum es una hierba aromática anual de la familia de las lamiáceas nativa de las regiones tropicales de África Central y el sudeste asiático, que se cultiva desde hace milenios.​ Es una planta tierna y se utiliza en cocinas de todo el mundo.","Ocimum basilicum es una hierba aromática anual de la familia de las lamiáceas nativa de las regiones tropicales de África Central y el sudeste asiático, que se cultiva desde hace milenios.​ Es una planta tierna y se utiliza en cocinas de todo el mundo. Hay muchas variedades de Ocimum basilicum, así como varias especies relacionadas.","thyrsiflora), Ocimum × citriodorum y el tulsí.",,,
730,POL-37CCAE0C-2024,Sabal mexicana,Palma real,,"Sabal mexicana, llamado comúnmente palmito mexicano o palma de petate,​ es una especie de la familia de las  Arecaceae nativa de Norteamérica. Está estrechamente emparentado con Sabal guatemalensis, y las dos especies pueden ser sinónimos.​​",,,,
731,POL-34708330-2024,Phaseolus vulgaris,Frijol,,"Phaseolus vulgaris es la especie más conocida del género Phaseolus en la familia Fabaceae. Sus semillas y, por extensión, la propia planta, reciben diversos nombres según la región; entre los más comunes están: alubia,​ judía, frijol,​ frísol,​ frejol,​ habichuela,​​ caraota,​ poroto,​​ etc.",,"Sus semillas y, por extensión, la propia planta, reciben diversos nombres según la región; entre los más comunes están: alubia,​ judía, frijol,​ frísol,​ frejol,​ habichuela,​​ caraota,​ poroto,​​ etc.",,
732,POL-223BB9B0-2023,Brosimum alicastrum,Ramon,,"El ramón (Brosimum alicastrum), ojoche, nogal maya, o guáimaro (en la costa Caribe de Colombia)  es un árbol de la familia de las Moraceae, división de las angiospermas, que incluye las del género Ficus y las moreras. Se encuentra desde México hasta Perú y Brasil, pasando por Guatemala, El Salvador, Honduras, Nicaragua, Costa Rica, Panamá, Guyana, Venezuela, Brasil, Bolivia, Colombia, Ecuador.",,,,
733,POL-17D5E318-2024,Philodendron spp.,Filodendro,,Planta del grupo; características morfológicas varían por especie.,,,,fallback template (no wiki extract)
734,POL-B389A0B3-2023,Pistia stratiotes,Lechuga de agua,,Pistia stratiotes es la única especie del género monotípico Pistia. Esta planta acuática de la familia Araceae es llamada comúnmente repollito del agua o lechuga de agua.,,,,
735,POL-18416C6F-2022,Chamaedorea elegans,Palma camedor,,"Chamaedorea elegans, también conocida como camaedorea, pacaya o palmera de salón, es una especie de pequeña palmera perteneciente a la familia Arecaceae. Es muy popular como planta de interior.",,,,
736,POL-EE499429-2023,Avicennia germinans,Mangle negro,"Avicennia germinans, llamado popularmente mangle blanco,​ mangle prieto o mangle negro,​ es un árbol de la familia Acanthaceae.​ Desempeña un papel clave en el ecosistema del manglar como barrera contra las mareas y resguardo, crianza y protección de la vida silvestre.","Avicennia germinans, llamado popularmente mangle blanco,​ mangle prieto o mangle negro,​ es un árbol de la familia Acanthaceae.​ Desempeña un papel clave en el ecosistema del manglar como barrera contra las mareas y resguardo, crianza y protección de la vida silvestre. Crece en regiones tropicales y subtropicales de América, en ambas costas, del Atlántico y del Pacífico, y en la costa del Atlántico de África tropical, donde prospera en las orillas arenosas.",Es común en áreas costeras de Texas y Florida y habita desde norte de Luisiana y Georgia en los Estados Unidos y por las costas hasta Sudamérica.,,,
737,POL-A6D60B1B-2024,Piscidia piscipula,Jabín,"Piscidia piscipula, llamado comúnmente barbasco, palo de agua, jabil, jabín o chijol, es una especie de árbol tropical de tamaño mediano, de hojas caducas, nativa del sur de Florida, los Cayos de la Florida, Tejas, de Antillas y América Latina.","Piscidia piscipula, llamado comúnmente barbasco, palo de agua, jabil, jabín o chijol, es una especie de árbol tropical de tamaño mediano, de hojas caducas, nativa del sur de Florida, los Cayos de la Florida, Tejas, de Antillas y América Latina. El árbol tiene valor medicinal como analgésico y sedante.​ Piscidia piscipula fue descrita por (L.) Sarg.","Piscidia piscipula, llamado comúnmente barbasco, palo de agua, jabil, jabín o chijol, es una especie de árbol tropical de tamaño mediano, de hojas caducas, nativa del sur de Florida, los Cayos de la Florida, Tejas, de Antillas y América Latina.",,El árbol tiene valor medicinal como analgésico y sedante.​ Piscidia piscipula fue descrita por (L.) Sarg.,
738,POL-9805B780-2024,Swietenia macrophylla,Caoba,"Swietenia macrophylla también llamado caoba de Honduras o caoba (o caobo) de hoja grande, 'aguano' y 'zopilote',​​ es una especie de árboles originaria de la zona intertropical americana perteneciente a la familia de las Meliaceae.","Swietenia macrophylla también llamado caoba de Honduras o caoba (o caobo) de hoja grande, 'aguano' y 'zopilote',​​ es una especie de árboles originaria de la zona intertropical americana perteneciente a la familia de las Meliaceae. Es cultivado como planta ornamental y por su madera que es muy cotizada y utilizada en ebanistería.​",,,Es cultivado como planta ornamental y por su madera que es muy cotizada y utilizada en ebanistería.​,
739,POL-0CB65BD3-2022,Cordia dodecandra,Siricote,,"El siricote o ciricote (Cordia dodecandra)​es un árbol de la familia de las Boraginaceas, originario del sur de México, Guatemala y Belice. Es un árbol caducifolio de flores amarillo-rojizas que llega a crecer hasta 30 m de altura.",Es un árbol caducifolio de flores amarillo-rojizas que llega a crecer hasta 30 m de altura.,"Generalmente se cultiva con fines de ornamentación; además, su madera se usa para la fabricación de muebles y guitarras y como remedio casero contra resfriados; su fruta es comestible y sus hojas se usan con fines de limpieza.​","Generalmente se cultiva con fines de ornamentación; además, su madera se usa para la fabricación de muebles y guitarras y como remedio casero contra resfriados; su fruta es comestible y sus hojas se usan con fines de limpieza.​",
740,POL-70F5C923-2024,Laguncularia racemosa,Mangle blanco,"Laguncularia racemosa, conocido también en Cuba como patabán,​ y en Colombia, Venezuela y Costa Rica como mangle blanco o mereicillo, es la única especie del género monotípico Laguncularia.","Laguncularia racemosa, conocido también en Cuba como patabán,​ y en Colombia, Venezuela y Costa Rica como mangle blanco o mereicillo, es la única especie del género monotípico Laguncularia.",,,,
741,POL-2918AB82-2025,Sabal mexicana,Palma real,,"Sabal mexicana, llamado comúnmente palmito mexicano o palma de petate,​ es una especie de la familia de las  Arecaceae nativa de Norteamérica. Está estrechamente emparentado con Sabal guatemalensis, y las dos especies pueden ser sinónimos.​​",,,,
742,POL-C605A3EB-2025,Plumeria rubra,Flor de mayo,"Plumeria rubra, de nombre común cacaloxóchitl, cacalosúchil, flor de mayo y franchipán, entre otros, es una especie del género Plumeria oriunda de México, América Central y Venezuela y ampliamente cultivada en zonas tropicales y subtropicales de todo el mundo,además de ser la Flor Nacional de Nicaragua.","Plumeria rubra, de nombre común cacaloxóchitl, cacalosúchil, flor de mayo y franchipán, entre otros, es una especie del género Plumeria oriunda de México, América Central y Venezuela y ampliamente cultivada en zonas tropicales y subtropicales de todo el mundo,además de ser la Flor Nacional de Nicaragua.","Plumeria rubra, de nombre común cacaloxóchitl, cacalosúchil, flor de mayo y franchipán, entre otros, es una especie del género Plumeria oriunda de México, América Central y Venezuela y ampliamente cultivada en zonas tropicales y subtropicales de todo el mundo,además de ser la Flor Nacional de Nicaragua.",,,
743,POL-54864DC9-2022,Cordia dodecandra,Siricote,,"El siricote o ciricote (Cordia dodecandra)​es un árbol de la familia de las Boraginaceas, originario del sur de México, Guatemala y Belice. Es un árbol caducifolio de flores amarillo-rojizas que llega a crecer hasta 30 m de altura.",Es un árbol caducifolio de flores amarillo-rojizas que llega a crecer hasta 30 m de altura.,"Generalmente se cultiva con fines de ornamentación; además, su madera se usa para la fabricación de muebles y guitarras y como remedio casero contra resfriados; su fruta es comestible y sus hojas se usan con fines de limpieza.​","Generalmente se cultiva con fines de ornamentación; además, su madera se usa para la fabricación de muebles y guitarras y como remedio casero contra resfriados; su fruta es comestible y sus hojas se usan con fines de limpieza.​",
744,POL-913E8573-2023,Manihot esculenta,Yuca,Es originaria del centro de América del Sur y se ha cultivado en la mayor parte de las zonas tropicales y subtropicales del continente americano.,"Manihot esculenta, llamada comúnmente yuca, aipim, casabe, casava, guacamota, lumu o mandioca, es un arbusto perenne de la familia de las euforbiáceas extensamente cultivado en América, África y Oceanía por sus raíces con almidones de alto valor alimentario. Es originaria del centro de América del Sur y se ha cultivado en la mayor parte de las zonas tropicales y subtropicales del continente americano.",,,"Manihot esculenta, llamada comúnmente yuca, aipim, casabe, casava, guacamota, lumu o mandioca, es un arbusto perenne de la familia de las euforbiáceas extensamente cultivado en América, África y Oceanía por sus raíces con almidones de alto valor alimentario.",
745,POL-8FE3BB7D-2023,Cedrela odorata,Cedro,"Cedrela odorata, llamado comúnmente cedro americano,​ es un árbol de la familia de las Meliáceas de la zona intertropical americana.​ Su madera tiene un gran valor comercial que por su calidad se utiliza en ebanistería y carpintería, también se usa como árbol ornamental en avenidas, parques, plazas.​","Cedrela odorata, llamado comúnmente cedro americano,​ es un árbol de la familia de las Meliáceas de la zona intertropical americana.​ Su madera tiene un gran valor comercial que por su calidad se utiliza en ebanistería y carpintería, también se usa como árbol ornamental en avenidas, parques, plazas.​",,,"Cedrela odorata, llamado comúnmente cedro americano,​ es un árbol de la familia de las Meliáceas de la zona intertropical americana.​ Su madera tiene un gran valor comercial que por su calidad se utiliza en ebanistería y carpintería, también se usa como árbol ornamental en avenidas, parques, plazas.​",
746,POL-A0EF91B9-2023,Manihot esculenta,Yuca,Es originaria del centro de América del Sur y se ha cultivado en la mayor parte de las zonas tropicales y subtropicales del continente americano.,"Manihot esculenta, llamada comúnmente yuca, aipim, casabe, casava, guacamota, lumu o mandioca, es un arbusto perenne de la familia de las euforbiáceas extensamente cultivado en América, África y Oceanía por sus raíces con almidones de alto valor alimentario. Es originaria del centro de América del Sur y se ha cultivado en la mayor parte de las zonas tropicales y subtropicales del continente americano.",,,"Manihot esculenta, llamada comúnmente yuca, aipim, casabe, casava, guacamota, lumu o mandioca, es un arbusto perenne de la familia de las euforbiáceas extensamente cultivado en América, África y Oceanía por sus raíces con almidones de alto valor alimentario.",
747,POL-7D8CDE7E-2022,Roystonea regia,Palma real cubana,,"Roystonea regia, conocida como palma real, es una especie de  palma cuya altura, elegancia y fácil cultivo la ha convertido en una de los árboles utilizados como ornamental más común en el mundo. Es también el más simbólico de los campos de Cuba,  donde es reconocido como árbol nacional.",,,"Roystonea regia, conocida como palma real, es una especie de  palma cuya altura, elegancia y fácil cultivo la ha convertido en una de los árboles utilizados como ornamental más común en el mundo.",
748,POL-F048EBAD-2025,Bougainvillea spectabilis,Bugambilia,,Bougainvillea spectabilis es una planta trepadora de la familia Nyctaginaceae. Es originaria de Brasil donde se encuentra en la Amazonia y la Mata Atlántica.​,,,,
749,POL-6F85A6F6-2022,Rhizophora mangle,Mangle rojo,"Rhizophora mangle llamado comúnmente mangle rojo ​ es una especie vegetal de la familia Rhizophoraceae,​ la cual cuenta con alrededor de 120 especies distribuidas en 16 géneros, siendo el género Rhizophora el más conocido, dominando las partes más anegadas de los ecosistemas manglar y la zona intermareal.","Rhizophora mangle llamado comúnmente mangle rojo ​ es una especie vegetal de la familia Rhizophoraceae,​ la cual cuenta con alrededor de 120 especies distribuidas en 16 géneros, siendo el género Rhizophora el más conocido, dominando las partes más anegadas de los ecosistemas manglar y la zona intermareal. Es una especie adaptada a ambientes salinos y tolera mayor salinidad que los otros mangles y sirve de refugio a animales terrestres y acuáticos.​ El mangle rojo es uno de los árboles emblemáticos de Venezuela.​ Tiene múltiples usos desde maderable, medicinal, curtiente, para construcción y melífero.​​",,,"Es una especie adaptada a ambientes salinos y tolera mayor salinidad que los otros mangles y sirve de refugio a animales terrestres y acuáticos.​ El mangle rojo es uno de los árboles emblemáticos de Venezuela.​ Tiene múltiples usos desde maderable, medicinal, curtiente, para construcción y melífero.​​",
750,POL-7CB03CD8-2022,Delonix regia,Flaming,"En América Tropical se considera como especie exótica ornamental, por lo que tiene una distribución amplia.","Delonix regia, comúnmente llamado Chivato, Tabachín, Malinche, Árbol de Caballero, Árbol de fuego​, Ponciana Real,  flamboyant, flamboyán, Framboyán de Madagascar o Clavellino de Madagascar, entre otros nombres, es un árbol de la familia de las fabáceas. Es uno de los árboles más coloridos del mundo por sus flores rojas, anaranjadas, y por su follaje verde brillante puede llegar a medir hasta 12 m.","Es uno de los árboles más coloridos del mundo por sus flores rojas, anaranjadas, y por su follaje verde brillante puede llegar a medir hasta 12 m.",,"En América Tropical se considera como especie exótica ornamental, por lo que tiene una distribución amplia.",
751,POL-4D2A7721-2023,Monstera deliciosa,Costilla de Adán,"Monstera deliciosa, llamada comúnmente cerimán o costilla de Adán, es una especie de planta trepadora de la familia Araceae, endémica de selvas tropicales, que se distribuye desde el centro y sur de México hasta el norte de Argentina.[cita requerida]","Monstera deliciosa, llamada comúnmente cerimán o costilla de Adán, es una especie de planta trepadora de la familia Araceae, endémica de selvas tropicales, que se distribuye desde el centro y sur de México hasta el norte de Argentina.[cita requerida]",,,,
752,POL-E5507F35-2022,Anthurium spp.,Anturio,,Planta del grupo; características morfológicas varían por especie.,,,,fallback template (no wiki extract)
753,POL-117471DB-2022,Bixa orellana,Achiote,"Bixa orellana, llamada comúnmente​​ achiote, achote, achuete, acotillo, anate, bija, cacicuto, onoto, rocú, urucú, ururú, además de otros nombres locales, es una especie botánica arborescente de la familia de las bixáceas, de las regiones intertropicales de América, cultivado específicamente en América Central, Bolivia desde la época precolombina, Brasil, Colombia, Ecuador, México, Perú, República Dominicana y Venezuela​ En Paraguay crece en forma espontánea en el sotobosque nativo.","Bixa orellana, llamada comúnmente​​ achiote, achote, achuete, acotillo, anate, bija, cacicuto, onoto, rocú, urucú, ururú, además de otros nombres locales, es una especie botánica arborescente de la familia de las bixáceas, de las regiones intertropicales de América, cultivado específicamente en América Central, Bolivia desde la época precolombina, Brasil, Colombia, Ecuador, México, Perú, República Dominicana y Venezuela​ En Paraguay crece en forma espontánea en el sotobosque nativo. De su fruto se obtiene la especia homónima, empleada como colorante y condimento en la comida popular.",,"De su fruto se obtiene la especia homónima, empleada como colorante y condimento en la comida popular.",,
754,POL-1838815E-2024,Phaseolus vulgaris,Frijol,,"Phaseolus vulgaris es la especie más conocida del género Phaseolus en la familia Fabaceae. Sus semillas y, por extensión, la propia planta, reciben diversos nombres según la región; entre los más comunes están: alubia,​ judía, frijol,​ frísol,​ frejol,​ habichuela,​​ caraota,​ poroto,​​ etc.",,"Sus semillas y, por extensión, la propia planta, reciben diversos nombres según la región; entre los más comunes están: alubia,​ judía, frijol,​ frísol,​ frejol,​ habichuela,​​ caraota,​ poroto,​​ etc.",,
755,POL-3879179E-2022,Manihot esculenta,Yuca,Es originaria del centro de América del Sur y se ha cultivado en la mayor parte de las zonas tropicales y subtropicales del continente americano.,"Manihot esculenta, llamada comúnmente yuca, aipim, casabe, casava, guacamota, lumu o mandioca, es un arbusto perenne de la familia de las euforbiáceas extensamente cultivado en América, África y Oceanía por sus raíces con almidones de alto valor alimentario. Es originaria del centro de América del Sur y se ha cultivado en la mayor parte de las zonas tropicales y subtropicales del continente americano.",,,"Manihot esculenta, llamada comúnmente yuca, aipim, casabe, casava, guacamota, lumu o mandioca, es un arbusto perenne de la familia de las euforbiáceas extensamente cultivado en América, África y Oceanía por sus raíces con almidones de alto valor alimentario.",
756,POL-2B19A888-2024,Hibiscus rosa-sinensis,Hibisco,,"Hibiscus rosa-sinensis, llamado comúnmente rosa de China, cayena,  amapola, hibisco, gumamela, entre otros nombres,​ es un arbusto caducifolio de la familia de las malváceas, originario de Asia oriental.",,,,
757,POL-512812A5-2024,Cordia dodecandra,Siricote,,"El siricote o ciricote (Cordia dodecandra)​es un árbol de la familia de las Boraginaceas, originario del sur de México, Guatemala y Belice. Es un árbol caducifolio de flores amarillo-rojizas que llega a crecer hasta 30 m de altura.",Es un árbol caducifolio de flores amarillo-rojizas que llega a crecer hasta 30 m de altura.,"Generalmente se cultiva con fines de ornamentación; además, su madera se usa para la fabricación de muebles y guitarras y como remedio casero contra resfriados; su fruta es comestible y sus hojas se usan con fines de limpieza.​","Generalmente se cultiva con fines de ornamentación; además, su madera se usa para la fabricación de muebles y guitarras y como remedio casero contra resfriados; su fruta es comestible y sus hojas se usan con fines de limpieza.​",
758,POL-B94E49E8-2023,Cedrela odorata,Cedro,"Cedrela odorata, llamado comúnmente cedro americano,​ es un árbol de la familia de las Meliáceas de la zona intertropical americana.​ Su madera tiene un gran valor comercial que por su calidad se utiliza en ebanistería y carpintería, también se usa como árbol ornamental en avenidas, parques, plazas.​","Cedrela odorata, llamado comúnmente cedro americano,​ es un árbol de la familia de las Meliáceas de la zona intertropical americana.​ Su madera tiene un gran valor comercial que por su calidad se utiliza en ebanistería y carpintería, también se usa como árbol ornamental en avenidas, parques, plazas.​",,,"Cedrela odorata, llamado comúnmente cedro americano,​ es un árbol de la familia de las Meliáceas de la zona intertropical americana.​ Su madera tiene un gran valor comercial que por su calidad se utiliza en ebanistería y carpintería, también se usa como árbol ornamental en avenidas, parques, plazas.​",
759,POL-A1A2F92E-2023,Ocimum basilicum,Albahaca,"Ocimum basilicum es una hierba aromática anual de la familia de las lamiáceas nativa de las regiones tropicales de África Central y el sudeste asiático, que se cultiva desde hace milenios.​ Es una planta tierna y se utiliza en cocinas de todo el mundo.","Ocimum basilicum es una hierba aromática anual de la familia de las lamiáceas nativa de las regiones tropicales de África Central y el sudeste asiático, que se cultiva desde hace milenios.​ Es una planta tierna y se utiliza en cocinas de todo el mundo. Hay muchas variedades de Ocimum basilicum, así como varias especies relacionadas.","thyrsiflora), Ocimum × citriodorum y el tulsí.",,,
760,POL-0F2AD0D8-2024,Bixa orellana,Achiote,"Bixa orellana, llamada comúnmente​​ achiote, achote, achuete, acotillo, anate, bija, cacicuto, onoto, rocú, urucú, ururú, además de otros nombres locales, es una especie botánica arborescente de la familia de las bixáceas, de las regiones intertropicales de América, cultivado específicamente en América Central, Bolivia desde la época precolombina, Brasil, Colombia, Ecuador, México, Perú, República Dominicana y Venezuela​ En Paraguay crece en forma espontánea en el sotobosque nativo.","Bixa orellana, llamada comúnmente​​ achiote, achote, achuete, acotillo, anate, bija, cacicuto, onoto, rocú, urucú, ururú, además de otros nombres locales, es una especie botánica arborescente de la familia de las bixáceas, de las regiones intertropicales de América, cultivado específicamente en América Central, Bolivia desde la época precolombina, Brasil, Colombia, Ecuador, México, Perú, República Dominicana y Venezuela​ En Paraguay crece en forma espontánea en el sotobosque nativo. De su fruto se obtiene la especia homónima, empleada como colorante y condimento en la comida popular.",,"De su fruto se obtiene la especia homónima, empleada como colorante y condimento en la comida popular.",,
761,POL-DB4D514C-2024,Ficus spp.,Higo,,Planta del grupo; características morfológicas varían por especie.,,,,fallback template (no wiki extract)
762,POL-B4464A1C-2025,Lysiloma latisiliquum,Tzalam,"Habita en zonas con vegetación tropical húmeda y en las cercanías del manglar, en elevaciones menores a los 250 m s.","El tsalam o tzalam (Lysiloma latisiliquum), también llamado abey​ en las Antillas y Venezuela, es un árbol maderable de la familia de las fabáceas. Es nativo de la Florida en el sur de Estados Unidos, las Bahamas, el Caribe, sur de México y el norte de América Central.​ Sin embargo en su mayor parte se encuentra restringido a la península de Yucatán.","Es nativo de la Florida en el sur de Estados Unidos, las Bahamas, el Caribe, sur de México y el norte de América Central.​ Sin embargo en su mayor parte se encuentra restringido a la península de Yucatán.",,"El tsalam o tzalam (Lysiloma latisiliquum), también llamado abey​ en las Antillas y Venezuela, es un árbol maderable de la familia de las fabáceas.",
763,POL-58AB6FF9-2024,Ceiba pentandra,Ceiba,"En algunas zonas al árbol y la fibra que se obtiene de las semillas se les llama en inglés como kapok, nombre derivado del malayo que originalmente se aplicaba a Bombax ceiba, nativo de Asia tropical.​ Es originario de la región de Mesoamérica y se distribuye mundialmente por la zona intertropical.​​ Se cultiva en plantaciones para la obtención de fibra y aceite, así como también se utiliza de forma ornamental, en la reforestación y la carpintería.​","Ceiba pentandra, llamado comúnmente ceiba, ceibo, pochote, huimba, o yaxché,​ es un árbol de la familia Malvaceae​ (anteriormente perteneciente a la familia Bombacaceae). En algunas zonas al árbol y la fibra que se obtiene de las semillas se les llama en inglés como kapok, nombre derivado del malayo que originalmente se aplicaba a Bombax ceiba, nativo de Asia tropical.​ Es originario de la región de Mesoamérica y se distribuye mundialmente por la zona intertropical.​​ Se cultiva en plantaciones para la obtención de fibra y aceite, así como también se utiliza de forma ornamental, en la reforestación y la carpintería.​",,"En algunas zonas al árbol y la fibra que se obtiene de las semillas se les llama en inglés como kapok, nombre derivado del malayo que originalmente se aplicaba a Bombax ceiba, nativo de Asia tropical.​ Es originario de la región de Mesoamérica y se distribuye mundialmente por la zona intertropical.​​ Se cultiva en plantaciones para la obtención de fibra y aceite, así como también se utiliza de forma ornamental, en la reforestación y la carpintería.​","En algunas zonas al árbol y la fibra que se obtiene de las semillas se les llama en inglés como kapok, nombre derivado del malayo que originalmente se aplicaba a Bombax ceiba, nativo de Asia tropical.​ Es originario de la región de Mesoamérica y se distribuye mundialmente por la zona intertropical.​​ Se cultiva en plantaciones para la obtención de fibra y aceite, así como también se utiliza de forma ornamental, en la reforestación y la carpintería.​",
764,POL-AD256308-2025,Avicennia germinans,Mangle negro,"Avicennia germinans, llamado popularmente mangle blanco,​ mangle prieto o mangle negro,​ es un árbol de la familia Acanthaceae.​ Desempeña un papel clave en el ecosistema del manglar como barrera contra las mareas y resguardo, crianza y protección de la vida silvestre.","Avicennia germinans, llamado popularmente mangle blanco,​ mangle prieto o mangle negro,​ es un árbol de la familia Acanthaceae.​ Desempeña un papel clave en el ecosistema del manglar como barrera contra las mareas y resguardo, crianza y protección de la vida silvestre. Crece en regiones tropicales y subtropicales de América, en ambas costas, del Atlántico y del Pacífico, y en la costa del Atlántico de África tropical, donde prospera en las orillas arenosas.",Es común en áreas costeras de Texas y Florida y habita desde norte de Luisiana y Georgia en los Estados Unidos y por las costas hasta Sudamérica.,,,
765,POL-0992DC10-2023,Ipomoea batatas,Camote,,"Ipomoea batatas, llamada comúnmente batata,​ chaco,​ papa dulce, patata dulce,​ papa camote, camote,​ moniato,​ boniato,​ o apichu,​ es una planta de la familia Convolvulaceae, cultivada en gran parte del mundo por su raíz tuberosa comestible, de sabor dulce.",,,,
766,POL-B2B79A86-2022,Delonix regia,Flaming,"En América Tropical se considera como especie exótica ornamental, por lo que tiene una distribución amplia.","Delonix regia, comúnmente llamado Chivato, Tabachín, Malinche, Árbol de Caballero, Árbol de fuego​, Ponciana Real,  flamboyant, flamboyán, Framboyán de Madagascar o Clavellino de Madagascar, entre otros nombres, es un árbol de la familia de las fabáceas. Es uno de los árboles más coloridos del mundo por sus flores rojas, anaranjadas, y por su follaje verde brillante puede llegar a medir hasta 12 m.","Es uno de los árboles más coloridos del mundo por sus flores rojas, anaranjadas, y por su follaje verde brillante puede llegar a medir hasta 12 m.",,"En América Tropical se considera como especie exótica ornamental, por lo que tiene una distribución amplia.",
767,POL-784A4966-2024,Pistia stratiotes,Lechuga de agua,,Pistia stratiotes es la única especie del género monotípico Pistia. Esta planta acuática de la familia Araceae es llamada comúnmente repollito del agua o lechuga de agua.,,,,
768,POL-BAEA43B0-2024,Chamaedorea elegans,Palma camedor,,"Chamaedorea elegans, también conocida como camaedorea, pacaya o palmera de salón, es una especie de pequeña palmera perteneciente a la familia Arecaceae. Es muy popular como planta de interior.",,,,
769,POL-56B5F92D-2024,Cordia dodecandra,Siricote,,"El siricote o ciricote (Cordia dodecandra)​es un árbol de la familia de las Boraginaceas, originario del sur de México, Guatemala y Belice. Es un árbol caducifolio de flores amarillo-rojizas que llega a crecer hasta 30 m de altura.",Es un árbol caducifolio de flores amarillo-rojizas que llega a crecer hasta 30 m de altura.,"Generalmente se cultiva con fines de ornamentación; además, su madera se usa para la fabricación de muebles y guitarras y como remedio casero contra resfriados; su fruta es comestible y sus hojas se usan con fines de limpieza.​","Generalmente se cultiva con fines de ornamentación; además, su madera se usa para la fabricación de muebles y guitarras y como remedio casero contra resfriados; su fruta es comestible y sus hojas se usan con fines de limpieza.​",
770,POL-B51026D9-2022,Delonix regia,Flaming,"En América Tropical se considera como especie exótica ornamental, por lo que tiene una distribución amplia.","Delonix regia, comúnmente llamado Chivato, Tabachín, Malinche, Árbol de Caballero, Árbol de fuego​, Ponciana Real,  flamboyant, flamboyán, Framboyán de Madagascar o Clavellino de Madagascar, entre otros nombres, es un árbol de la familia de las fabáceas. Es uno de los árboles más coloridos del mundo por sus flores rojas, anaranjadas, y por su follaje verde brillante puede llegar a medir hasta 12 m.","Es uno de los árboles más coloridos del mundo por sus flores rojas, anaranjadas, y por su follaje verde brillante puede llegar a medir hasta 12 m.",,"En América Tropical se considera como especie exótica ornamental, por lo que tiene una distribución amplia.",
771,POL-9FB87FF4-2025,Piscidia piscipula,Jabín,"Piscidia piscipula, llamado comúnmente barbasco, palo de agua, jabil, jabín o chijol, es una especie de árbol tropical de tamaño mediano, de hojas caducas, nativa del sur de Florida, los Cayos de la Florida, Tejas, de Antillas y América Latina.","Piscidia piscipula, llamado comúnmente barbasco, palo de agua, jabil, jabín o chijol, es una especie de árbol tropical de tamaño mediano, de hojas caducas, nativa del sur de Florida, los Cayos de la Florida, Tejas, de Antillas y América Latina. El árbol tiene valor medicinal como analgésico y sedante.​ Piscidia piscipula fue descrita por (L.) Sarg.","Piscidia piscipula, llamado comúnmente barbasco, palo de agua, jabil, jabín o chijol, es una especie de árbol tropical de tamaño mediano, de hojas caducas, nativa del sur de Florida, los Cayos de la Florida, Tejas, de Antillas y América Latina.",,El árbol tiene valor medicinal como analgésico y sedante.​ Piscidia piscipula fue descrita por (L.) Sarg.,
772,POL-F0B2DAB5-2025,Conocarpus erectus,Mangle botoncillo,"El mangle botoncillo o mangle zaragoza (Conocarpus erectus) es un árbol de la familia Combretaceae que crece en las costas, en las regiones tropicales y subtropicales de todo el mundo, incluyendo Florida, las Bermudas, las Bahamas, el Caribe, Centroamérica y desde el sur de México hasta Brasil en la costa atlántica y de México a Ecuador en la costa del Pacífico, así como en África occidental, Melanesia y Polinesia.","El mangle botoncillo o mangle zaragoza (Conocarpus erectus) es un árbol de la familia Combretaceae que crece en las costas, en las regiones tropicales y subtropicales de todo el mundo, incluyendo Florida, las Bermudas, las Bahamas, el Caribe, Centroamérica y desde el sur de México hasta Brasil en la costa atlántica y de México a Ecuador en la costa del Pacífico, así como en África occidental, Melanesia y Polinesia. Es una de las dos especies de mangles pertenecientes al género Conocarpus.","El mangle botoncillo o mangle zaragoza (Conocarpus erectus) es un árbol de la familia Combretaceae que crece en las costas, en las regiones tropicales y subtropicales de todo el mundo, incluyendo Florida, las Bermudas, las Bahamas, el Caribe, Centroamérica y desde el sur de México hasta Brasil en la costa atlántica y de México a Ecuador en la costa del Pacífico, así como en África occidental, Melanesia y Polinesia.",,,
773,POL-F041F043-2024,Manihot esculenta,Yuca,Es originaria del centro de América del Sur y se ha cultivado en la mayor parte de las zonas tropicales y subtropicales del continente americano.,"Manihot esculenta, llamada comúnmente yuca, aipim, casabe, casava, guacamota, lumu o mandioca, es un arbusto perenne de la familia de las euforbiáceas extensamente cultivado en América, África y Oceanía por sus raíces con almidones de alto valor alimentario. Es originaria del centro de América del Sur y se ha cultivado en la mayor parte de las zonas tropicales y subtropicales del continente americano.",,,"Manihot esculenta, llamada comúnmente yuca, aipim, casabe, casava, guacamota, lumu o mandioca, es un arbusto perenne de la familia de las euforbiáceas extensamente cultivado en América, África y Oceanía por sus raíces con almidones de alto valor alimentario.",
774,POL-90AD30A0-2024,Bixa orellana,Achiote,"Bixa orellana, llamada comúnmente​​ achiote, achote, achuete, acotillo, anate, bija, cacicuto, onoto, rocú, urucú, ururú, además de otros nombres locales, es una especie botánica arborescente de la familia de las bixáceas, de las regiones intertropicales de América, cultivado específicamente en América Central, Bolivia desde la época precolombina, Brasil, Colombia, Ecuador, México, Perú, República Dominicana y Venezuela​ En Paraguay crece en forma espontánea en el sotobosque nativo.","Bixa orellana, llamada comúnmente​​ achiote, achote, achuete, acotillo, anate, bija, cacicuto, onoto, rocú, urucú, ururú, además de otros nombres locales, es una especie botánica arborescente de la familia de las bixáceas, de las regiones intertropicales de América, cultivado específicamente en América Central, Bolivia desde la época precolombina, Brasil, Colombia, Ecuador, México, Perú, República Dominicana y Venezuela​ En Paraguay crece en forma espontánea en el sotobosque nativo. De su fruto se obtiene la especia homónima, empleada como colorante y condimento en la comida popular.",,"De su fruto se obtiene la especia homónima, empleada como colorante y condimento en la comida popular.",,
775,POL-96411D10-2022,Aloe vera,Sábila,"Con unas quinientas (500) especies, el aloe está ampliamente distribuido y se considera una especie invasora en muchas regiones del mundo.​​
Es una planta de hoja perenne, probablemente se originó en la península arábiga, pero crece de forma silvestre en climas tropicales, semitropicales y áridos de todo el mundo.​ Se cultiva para productos comerciales, principalmente como tratamiento tópico utilizado durante siglos.​​ La especie es atractiva con fines decorativos y tiene éxito en interiores como planta de maceta.​
Se utiliza en muchos productos de consumo, incluidas bebidas, lociones para la piel, cosméticos, ungüentos o en forma de gel para quemaduras menores y quemaduras solares.","Aloe vera, también llamada sábila, es una especie suculenta de la familia Asphodelaceae. Con unas quinientas (500) especies, el aloe está ampliamente distribuido y se considera una especie invasora en muchas regiones del mundo.​​
Es una planta de hoja perenne, probablemente se originó en la península arábiga, pero crece de forma silvestre en climas tropicales, semitropicales y áridos de todo el mundo.​ Se cultiva para productos comerciales, principalmente como tratamiento tópico utilizado durante siglos.​​ La especie es atractiva con fines decorativos y tiene éxito en interiores como planta de maceta.​
Se utiliza en muchos productos de consumo, incluidas bebidas, lociones para la piel, cosméticos, ungüentos o en forma de gel para quemaduras menores y quemaduras solares.",,,,
776,POL-D7870C6B-2023,Cordia dodecandra,Siricote,,"El siricote o ciricote (Cordia dodecandra)​es un árbol de la familia de las Boraginaceas, originario del sur de México, Guatemala y Belice. Es un árbol caducifolio de flores amarillo-rojizas que llega a crecer hasta 30 m de altura.",Es un árbol caducifolio de flores amarillo-rojizas que llega a crecer hasta 30 m de altura.,"Generalmente se cultiva con fines de ornamentación; además, su madera se usa para la fabricación de muebles y guitarras y como remedio casero contra resfriados; su fruta es comestible y sus hojas se usan con fines de limpieza.​","Generalmente se cultiva con fines de ornamentación; además, su madera se usa para la fabricación de muebles y guitarras y como remedio casero contra resfriados; su fruta es comestible y sus hojas se usan con fines de limpieza.​",
777,POL-CCADCC8F-2023,Conocarpus erectus,Mangle botoncillo,"El mangle botoncillo o mangle zaragoza (Conocarpus erectus) es un árbol de la familia Combretaceae que crece en las costas, en las regiones tropicales y subtropicales de todo el mundo, incluyendo Florida, las Bermudas, las Bahamas, el Caribe, Centroamérica y desde el sur de México hasta Brasil en la costa atlántica y de México a Ecuador en la costa del Pacífico, así como en África occidental, Melanesia y Polinesia.","El mangle botoncillo o mangle zaragoza (Conocarpus erectus) es un árbol de la familia Combretaceae que crece en las costas, en las regiones tropicales y subtropicales de todo el mundo, incluyendo Florida, las Bermudas, las Bahamas, el Caribe, Centroamérica y desde el sur de México hasta Brasil en la costa atlántica y de México a Ecuador en la costa del Pacífico, así como en África occidental, Melanesia y Polinesia. Es una de las dos especies de mangles pertenecientes al género Conocarpus.","El mangle botoncillo o mangle zaragoza (Conocarpus erectus) es un árbol de la familia Combretaceae que crece en las costas, en las regiones tropicales y subtropicales de todo el mundo, incluyendo Florida, las Bermudas, las Bahamas, el Caribe, Centroamérica y desde el sur de México hasta Brasil en la costa atlántica y de México a Ecuador en la costa del Pacífico, así como en África occidental, Melanesia y Polinesia.",,,
778,POL-B0AF2391-2023,Bixa orellana,Achiote,"Bixa orellana, llamada comúnmente​​ achiote, achote, achuete, acotillo, anate, bija, cacicuto, onoto, rocú, urucú, ururú, además de otros nombres locales, es una especie botánica arborescente de la familia de las bixáceas, de las regiones intertropicales de América, cultivado específicamente en América Central, Bolivia desde la época precolombina, Brasil, Colombia, Ecuador, México, Perú, República Dominicana y Venezuela​ En Paraguay crece en forma espontánea en el sotobosque nativo.","Bixa orellana, llamada comúnmente​​ achiote, achote, achuete, acotillo, anate, bija, cacicuto, onoto, rocú, urucú, ururú, además de otros nombres locales, es una especie botánica arborescente de la familia de las bixáceas, de las regiones intertropicales de América, cultivado específicamente en América Central, Bolivia desde la época precolombina, Brasil, Colombia, Ecuador, México, Perú, República Dominicana y Venezuela​ En Paraguay crece en forma espontánea en el sotobosque nativo. De su fruto se obtiene la especia homónima, empleada como colorante y condimento en la comida popular.",,"De su fruto se obtiene la especia homónima, empleada como colorante y condimento en la comida popular.",,
779,POL-3B0A2656-2023,Brosimum alicastrum,Ramon,,"El ramón (Brosimum alicastrum), ojoche, nogal maya, o guáimaro (en la costa Caribe de Colombia)  es un árbol de la familia de las Moraceae, división de las angiospermas, que incluye las del género Ficus y las moreras. Se encuentra desde México hasta Perú y Brasil, pasando por Guatemala, El Salvador, Honduras, Nicaragua, Costa Rica, Panamá, Guyana, Venezuela, Brasil, Bolivia, Colombia, Ecuador.",,,,
780,POL-F299B397-2023,Astrocaryum mexicanum,Chocho,,Astrocaryum mexicanum es una especie de planta de la familia de las palmeras (Arecaceae). Astrocaryum mexicanum fue descrita por Liebm.,,,,
781,POL-D08F174B-2022,Mentha spicata,Menta,,"Mentha spicata, conocida popularmente como hierbabuena, yerbabuena o menta de jardín, es una especie del género Mentha, una hierba aromática muy empleada en gastronomía y perfumería por su aroma intenso y fresco.",,,,
782,POL-F0551139-2022,Ocimum basilicum,Albahaca,"Ocimum basilicum es una hierba aromática anual de la familia de las lamiáceas nativa de las regiones tropicales de África Central y el sudeste asiático, que se cultiva desde hace milenios.​ Es una planta tierna y se utiliza en cocinas de todo el mundo.","Ocimum basilicum es una hierba aromática anual de la familia de las lamiáceas nativa de las regiones tropicales de África Central y el sudeste asiático, que se cultiva desde hace milenios.​ Es una planta tierna y se utiliza en cocinas de todo el mundo. Hay muchas variedades de Ocimum basilicum, así como varias especies relacionadas.","thyrsiflora), Ocimum × citriodorum y el tulsí.",,,
783,POL-508B8E8E-2023,Piscidia piscipula,Jabín,"Piscidia piscipula, llamado comúnmente barbasco, palo de agua, jabil, jabín o chijol, es una especie de árbol tropical de tamaño mediano, de hojas caducas, nativa del sur de Florida, los Cayos de la Florida, Tejas, de Antillas y América Latina.","Piscidia piscipula, llamado comúnmente barbasco, palo de agua, jabil, jabín o chijol, es una especie de árbol tropical de tamaño mediano, de hojas caducas, nativa del sur de Florida, los Cayos de la Florida, Tejas, de Antillas y América Latina. El árbol tiene valor medicinal como analgésico y sedante.​ Piscidia piscipula fue descrita por (L.) Sarg.","Piscidia piscipula, llamado comúnmente barbasco, palo de agua, jabil, jabín o chijol, es una especie de árbol tropical de tamaño mediano, de hojas caducas, nativa del sur de Florida, los Cayos de la Florida, Tejas, de Antillas y América Latina.",,El árbol tiene valor medicinal como analgésico y sedante.​ Piscidia piscipula fue descrita por (L.) Sarg.,
784,POL-85E86557-2022,Eichhornia crassipes,Lirio acuático,Su abundancia cambia drásticamente las condiciones de los humedales.,"Quizás esté buscando el género Victoria de la familia de las ninfáceas. El jacinto de agua, lirio acuático, flor de bora, buchón de agua, camalote, aguapey, lechuguín,​ tarope, tarulla, taruya o  reyna (Eichhornia crassipes)  es una planta acuática de la familia de las Pontederiaceae.","El jacinto de agua, lirio acuático, flor de bora, buchón de agua, camalote, aguapey, lechuguín,​ tarope, tarulla, taruya o  reyna (Eichhornia crassipes)  es una planta acuática de la familia de las Pontederiaceae.",,"Es usada como planta medicinal, fertilizante de suelos y decorativa.",
785,POL-C39CC1E8-2024,Solanum lycopersicum,Tomate,,"Solanum lycopersicum, conocida comúnmente como tomate o tomatera es una especie de planta herbácea del género Solanum de la familia Solanaceae. Es una planta de importancia global por su uso como alimento.​ La planta es cultivada en el mundo entero para el consumo de su fruto, el tomate o jitomate, tanto fresco como procesado de diferentes maneras: salsa, puré, zumo, deshidratado, enlatado, etc.",,"Es una planta de importancia global por su uso como alimento.​ La planta es cultivada en el mundo entero para el consumo de su fruto, el tomate o jitomate, tanto fresco como procesado de diferentes maneras: salsa, puré, zumo, deshidratado, enlatado, etc.","Es una planta de importancia global por su uso como alimento.​ La planta es cultivada en el mundo entero para el consumo de su fruto, el tomate o jitomate, tanto fresco como procesado de diferentes maneras: salsa, puré, zumo, deshidratado, enlatado, etc.",
786,POL-7B6B4509-2023,Plumeria rubra,Flor de mayo,"Plumeria rubra, de nombre común cacaloxóchitl, cacalosúchil, flor de mayo y franchipán, entre otros, es una especie del género Plumeria oriunda de México, América Central y Venezuela y ampliamente cultivada en zonas tropicales y subtropicales de todo el mundo,además de ser la Flor Nacional de Nicaragua.","Plumeria rubra, de nombre común cacaloxóchitl, cacalosúchil, flor de mayo y franchipán, entre otros, es una especie del género Plumeria oriunda de México, América Central y Venezuela y ampliamente cultivada en zonas tropicales y subtropicales de todo el mundo,además de ser la Flor Nacional de Nicaragua.","Plumeria rubra, de nombre común cacaloxóchitl, cacalosúchil, flor de mayo y franchipán, entre otros, es una especie del género Plumeria oriunda de México, América Central y Venezuela y ampliamente cultivada en zonas tropicales y subtropicales de todo el mundo,además de ser la Flor Nacional de Nicaragua.",,,
787,POL-514A7DA9-2024,Manihot esculenta,Yuca,Es originaria del centro de América del Sur y se ha cultivado en la mayor parte de las zonas tropicales y subtropicales del continente americano.,"Manihot esculenta, llamada comúnmente yuca, aipim, casabe, casava, guacamota, lumu o mandioca, es un arbusto perenne de la familia de las euforbiáceas extensamente cultivado en América, África y Oceanía por sus raíces con almidones de alto valor alimentario. Es originaria del centro de América del Sur y se ha cultivado en la mayor parte de las zonas tropicales y subtropicales del continente americano.",,,"Manihot esculenta, llamada comúnmente yuca, aipim, casabe, casava, guacamota, lumu o mandioca, es un arbusto perenne de la familia de las euforbiáceas extensamente cultivado en América, África y Oceanía por sus raíces con almidones de alto valor alimentario.",
788,POL-E5272A56-2024,Swietenia macrophylla,Caoba,"Swietenia macrophylla también llamado caoba de Honduras o caoba (o caobo) de hoja grande, 'aguano' y 'zopilote',​​ es una especie de árboles originaria de la zona intertropical americana perteneciente a la familia de las Meliaceae.","Swietenia macrophylla también llamado caoba de Honduras o caoba (o caobo) de hoja grande, 'aguano' y 'zopilote',​​ es una especie de árboles originaria de la zona intertropical americana perteneciente a la familia de las Meliaceae. Es cultivado como planta ornamental y por su madera que es muy cotizada y utilizada en ebanistería.​",,,Es cultivado como planta ornamental y por su madera que es muy cotizada y utilizada en ebanistería.​,
789,POL-27E8FF85-2022,Pistia stratiotes,Lechuga de agua,,Pistia stratiotes es la única especie del género monotípico Pistia. Esta planta acuática de la familia Araceae es llamada comúnmente repollito del agua o lechuga de agua.,,,,
790,POL-FDD5840A-2025,Plumeria rubra,Flor de mayo,"Plumeria rubra, de nombre común cacaloxóchitl, cacalosúchil, flor de mayo y franchipán, entre otros, es una especie del género Plumeria oriunda de México, América Central y Venezuela y ampliamente cultivada en zonas tropicales y subtropicales de todo el mundo,además de ser la Flor Nacional de Nicaragua.","Plumeria rubra, de nombre común cacaloxóchitl, cacalosúchil, flor de mayo y franchipán, entre otros, es una especie del género Plumeria oriunda de México, América Central y Venezuela y ampliamente cultivada en zonas tropicales y subtropicales de todo el mundo,además de ser la Flor Nacional de Nicaragua.","Plumeria rubra, de nombre común cacaloxóchitl, cacalosúchil, flor de mayo y franchipán, entre otros, es una especie del género Plumeria oriunda de México, América Central y Venezuela y ampliamente cultivada en zonas tropicales y subtropicales de todo el mundo,además de ser la Flor Nacional de Nicaragua.",,,
791,POL-FE1AF401-2024,Brosimum alicastrum,Ramon,,"El ramón (Brosimum alicastrum), ojoche, nogal maya, o guáimaro (en la costa Caribe de Colombia)  es un árbol de la familia de las Moraceae, división de las angiospermas, que incluye las del género Ficus y las moreras. Se encuentra desde México hasta Perú y Brasil, pasando por Guatemala, El Salvador, Honduras, Nicaragua, Costa Rica, Panamá, Guyana, Venezuela, Brasil, Bolivia, Colombia, Ecuador.",,,,
792,POL-96CE6493-2024,Hibiscus rosa-sinensis,Hibisco,,"Hibiscus rosa-sinensis, llamado comúnmente rosa de China, cayena,  amapola, hibisco, gumamela, entre otros nombres,​ es un arbusto caducifolio de la familia de las malváceas, originario de Asia oriental.",,,,
793,POL-F916848A-2024,Ipomoea batatas,Camote,,"Ipomoea batatas, llamada comúnmente batata,​ chaco,​ papa dulce, patata dulce,​ papa camote, camote,​ moniato,​ boniato,​ o apichu,​ es una planta de la familia Convolvulaceae, cultivada en gran parte del mundo por su raíz tuberosa comestible, de sabor dulce.",,,,
794,POL-5B204847-2023,Avicennia germinans,Mangle negro,"Avicennia germinans, llamado popularmente mangle blanco,​ mangle prieto o mangle negro,​ es un árbol de la familia Acanthaceae.​ Desempeña un papel clave en el ecosistema del manglar como barrera contra las mareas y resguardo, crianza y protección de la vida silvestre.","Avicennia germinans, llamado popularmente mangle blanco,​ mangle prieto o mangle negro,​ es un árbol de la familia Acanthaceae.​ Desempeña un papel clave en el ecosistema del manglar como barrera contra las mareas y resguardo, crianza y protección de la vida silvestre. Crece en regiones tropicales y subtropicales de América, en ambas costas, del Atlántico y del Pacífico, y en la costa del Atlántico de África tropical, donde prospera en las orillas arenosas.",Es común en áreas costeras de Texas y Florida y habita desde norte de Luisiana y Georgia en los Estados Unidos y por las costas hasta Sudamérica.,,,
795,POL-75D46118-2025,Laguncularia racemosa,Mangle blanco,"Laguncularia racemosa, conocido también en Cuba como patabán,​ y en Colombia, Venezuela y Costa Rica como mangle blanco o mereicillo, es la única especie del género monotípico Laguncularia.","Laguncularia racemosa, conocido también en Cuba como patabán,​ y en Colombia, Venezuela y Costa Rica como mangle blanco o mereicillo, es la única especie del género monotípico Laguncularia.",,,,
796,POL-064F4EF5-2024,Avicennia germinans,Mangle negro,"Avicennia germinans, llamado popularmente mangle blanco,​ mangle prieto o mangle negro,​ es un árbol de la familia Acanthaceae.​ Desempeña un papel clave en el ecosistema del manglar como barrera contra las mareas y resguardo, crianza y protección de la vida silvestre.","Avicennia germinans, llamado popularmente mangle blanco,​ mangle prieto o mangle negro,​ es un árbol de la familia Acanthaceae.​ Desempeña un papel clave en el ecosistema del manglar como barrera contra las mareas y resguardo, crianza y protección de la vida silvestre. Crece en regiones tropicales y subtropicales de América, en ambas costas, del Atlántico y del Pacífico, y en la costa del Atlántico de África tropical, donde prospera en las orillas arenosas.",Es común en áreas costeras de Texas y Florida y habita desde norte de Luisiana y Georgia en los Estados Unidos y por las costas hasta Sudamérica.,,,
797,POL-C4EE760D-2023,Hibiscus rosa-sinensis,Hibisco,,"Hibiscus rosa-sinensis, llamado comúnmente rosa de China, cayena,  amapola, hibisco, gumamela, entre otros nombres,​ es un arbusto caducifolio de la familia de las malváceas, originario de Asia oriental.",,,,
798,POL-81A45559-2025,Astrocaryum mexicanum,Chocho,,Astrocaryum mexicanum es una especie de planta de la familia de las palmeras (Arecaceae). Astrocaryum mexicanum fue descrita por Liebm.,,,,
799,POL-B9462A55-2025,Tabebuia rosea,Maculís,"Tabebuia rosea, llamado comúnmente tajibo, apamate, mocoque,  matilisguate en Guatemala, maculís, macuilís, macuelizo, maquilishuat, guayacán rosado o  roble de sabana , es un árbol de la familia de las bignonáceas.​ Es nativo de México, Guatemala, El Salvador  y otras regiones de Centroamérica, llegando a Colombia (Villeta, Cundinamarca), Panamá, Venezuela y Perú.","Tabebuia rosea, llamado comúnmente tajibo, apamate, mocoque,  matilisguate en Guatemala, maculís, macuilís, macuelizo, maquilishuat, guayacán rosado o  roble de sabana , es un árbol de la familia de las bignonáceas.​ Es nativo de México, Guatemala, El Salvador  y otras regiones de Centroamérica, llegando a Colombia (Villeta, Cundinamarca), Panamá, Venezuela y Perú. Es el árbol nacional de El Salvador,​ Se utiliza como árbol ornamental en parques, plazas y avenidas; y por su madera usada en ebanistería.​",,,"Es el árbol nacional de El Salvador,​ Se utiliza como árbol ornamental en parques, plazas y avenidas; y por su madera usada en ebanistería.​",
800,POL-096BFD24-2022,Tabebuia rosea,Maculís,"Tabebuia rosea, llamado comúnmente tajibo, apamate, mocoque,  matilisguate en Guatemala, maculís, macuilís, macuelizo, maquilishuat, guayacán rosado o  roble de sabana , es un árbol de la familia de las bignonáceas.​ Es nativo de México, Guatemala, El Salvador  y otras regiones de Centroamérica, llegando a Colombia (Villeta, Cundinamarca), Panamá, Venezuela y Perú.","Tabebuia rosea, llamado comúnmente tajibo, apamate, mocoque,  matilisguate en Guatemala, maculís, macuilís, macuelizo, maquilishuat, guayacán rosado o  roble de sabana , es un árbol de la familia de las bignonáceas.​ Es nativo de México, Guatemala, El Salvador  y otras regiones de Centroamérica, llegando a Colombia (Villeta, Cundinamarca), Panamá, Venezuela y Perú. Es el árbol nacional de El Salvador,​ Se utiliza como árbol ornamental en parques, plazas y avenidas; y por su madera usada en ebanistería.​",,,"Es el árbol nacional de El Salvador,​ Se utiliza como árbol ornamental en parques, plazas y avenidas; y por su madera usada en ebanistería.​",
801,POL-18BA9693-2025,Bougainvillea spectabilis,Bugambilia,,Bougainvillea spectabilis es una planta trepadora de la familia Nyctaginaceae. Es originaria de Brasil donde se encuentra en la Amazonia y la Mata Atlántica.​,,,,
802,POL-5CE5C73E-2023,Monstera deliciosa,Costilla de Adán,"Monstera deliciosa, llamada comúnmente cerimán o costilla de Adán, es una especie de planta trepadora de la familia Araceae, endémica de selvas tropicales, que se distribuye desde el centro y sur de México hasta el norte de Argentina.[cita requerida]","Monstera deliciosa, llamada comúnmente cerimán o costilla de Adán, es una especie de planta trepadora de la familia Araceae, endémica de selvas tropicales, que se distribuye desde el centro y sur de México hasta el norte de Argentina.[cita requerida]",,,,
803,POL-840DF19E-2023,Bougainvillea spectabilis,Bugambilia,,Bougainvillea spectabilis es una planta trepadora de la familia Nyctaginaceae. Es originaria de Brasil donde se encuentra en la Amazonia y la Mata Atlántica.​,,,,
804,POL-43B70C0B-2023,Conocarpus erectus,Mangle botoncillo,"El mangle botoncillo o mangle zaragoza (Conocarpus erectus) es un árbol de la familia Combretaceae que crece en las costas, en las regiones tropicales y subtropicales de todo el mundo, incluyendo Florida, las Bermudas, las Bahamas, el Caribe, Centroamérica y desde el sur de México hasta Brasil en la costa atlántica y de México a Ecuador en la costa del Pacífico, así como en África occidental, Melanesia y Polinesia.","El mangle botoncillo o mangle zaragoza (Conocarpus erectus) es un árbol de la familia Combretaceae que crece en las costas, en las regiones tropicales y subtropicales de todo el mundo, incluyendo Florida, las Bermudas, las Bahamas, el Caribe, Centroamérica y desde el sur de México hasta Brasil en la costa atlántica y de México a Ecuador en la costa del Pacífico, así como en África occidental, Melanesia y Polinesia. Es una de las dos especies de mangles pertenecientes al género Conocarpus.","El mangle botoncillo o mangle zaragoza (Conocarpus erectus) es un árbol de la familia Combretaceae que crece en las costas, en las regiones tropicales y subtropicales de todo el mundo, incluyendo Florida, las Bermudas, las Bahamas, el Caribe, Centroamérica y desde el sur de México hasta Brasil en la costa atlántica y de México a Ecuador en la costa del Pacífico, así como en África occidental, Melanesia y Polinesia.",,,
805,POL-D3DA9C01-2023,Swietenia macrophylla,Caoba,"Swietenia macrophylla también llamado caoba de Honduras o caoba (o caobo) de hoja grande, 'aguano' y 'zopilote',​​ es una especie de árboles originaria de la zona intertropical americana perteneciente a la familia de las Meliaceae.","Swietenia macrophylla también llamado caoba de Honduras o caoba (o caobo) de hoja grande, 'aguano' y 'zopilote',​​ es una especie de árboles originaria de la zona intertropical americana perteneciente a la familia de las Meliaceae. Es cultivado como planta ornamental y por su madera que es muy cotizada y utilizada en ebanistería.​",,,Es cultivado como planta ornamental y por su madera que es muy cotizada y utilizada en ebanistería.​,
806,POL-254A3D23-2022,Eichhornia crassipes,Lirio acuático,Su abundancia cambia drásticamente las condiciones de los humedales.,"Quizás esté buscando el género Victoria de la familia de las ninfáceas. El jacinto de agua, lirio acuático, flor de bora, buchón de agua, camalote, aguapey, lechuguín,​ tarope, tarulla, taruya o  reyna (Eichhornia crassipes)  es una planta acuática de la familia de las Pontederiaceae.","El jacinto de agua, lirio acuático, flor de bora, buchón de agua, camalote, aguapey, lechuguín,​ tarope, tarulla, taruya o  reyna (Eichhornia crassipes)  es una planta acuática de la familia de las Pontederiaceae.",,"Es usada como planta medicinal, fertilizante de suelos y decorativa.",
807,POL-BFECBC68-2025,Capsicum annuum,Chile,,"Capsicum annuum, llamado comúnmente pimiento morrón, pimiento dulce, chile morrón, ají morrón, ají dulce, locote o en algunos países pimentón, entre una multitud de localismos, es la especie más conocida, extendida y cultivada del género Capsicum, de la familia de las solanáceas. Todas las innumerables formas, tamaños, colores y sabores de sus frutos, descritos y nombrados en la cultura popular, corresponden en realidad a esta misma especie.",,"Todas las innumerables formas, tamaños, colores y sabores de sus frutos, descritos y nombrados en la cultura popular, corresponden en realidad a esta misma especie.",,
808,POL-5DE2F68F-2025,Nymphaea ampla,Nenúfar,,"Nymphaea ampla es una especie de planta con flores de la familia Nymphaeaceae.​ Es originaria de Texas, Florida, México, América Central, el Caribe y el norte y oeste de América del Sur.​ El recuento de cromosomas es n = 14. El tamaño del genoma es 772,62 Mb.​ El genoma del cloroplasto tiene una longitud de 159879 pb.​","Nymphaea ampla es una especie de planta con flores de la familia Nymphaeaceae.​ Es originaria de Texas, Florida, México, América Central, el Caribe y el norte y oeste de América del Sur.​ El recuento de cromosomas es n = 14.",,,
809,POL-3BF114E0-2025,Capsicum annuum,Chile,,"Capsicum annuum, llamado comúnmente pimiento morrón, pimiento dulce, chile morrón, ají morrón, ají dulce, locote o en algunos países pimentón, entre una multitud de localismos, es la especie más conocida, extendida y cultivada del género Capsicum, de la familia de las solanáceas. Todas las innumerables formas, tamaños, colores y sabores de sus frutos, descritos y nombrados en la cultura popular, corresponden en realidad a esta misma especie.",,"Todas las innumerables formas, tamaños, colores y sabores de sus frutos, descritos y nombrados en la cultura popular, corresponden en realidad a esta misma especie.",,
810,POL-22762878-2025,Phaseolus vulgaris,Frijol,,"Phaseolus vulgaris es la especie más conocida del género Phaseolus en la familia Fabaceae. Sus semillas y, por extensión, la propia planta, reciben diversos nombres según la región; entre los más comunes están: alubia,​ judía, frijol,​ frísol,​ frejol,​ habichuela,​​ caraota,​ poroto,​​ etc.",,"Sus semillas y, por extensión, la propia planta, reciben diversos nombres según la región; entre los más comunes están: alubia,​ judía, frijol,​ frísol,​ frejol,​ habichuela,​​ caraota,​ poroto,​​ etc.",,
811,POL-3D4468BD-2024,Brosimum alicastrum,Ramon,,"El ramón (Brosimum alicastrum), ojoche, nogal maya, o guáimaro (en la costa Caribe de Colombia)  es un árbol de la familia de las Moraceae, división de las angiospermas, que incluye las del género Ficus y las moreras. Se encuentra desde México hasta Perú y Brasil, pasando por Guatemala, El Salvador, Honduras, Nicaragua, Costa Rica, Panamá, Guyana, Venezuela, Brasil, Bolivia, Colombia, Ecuador.",,,,
812,POL-18C76799-2024,Aloe vera,Sábila,"Con unas quinientas (500) especies, el aloe está ampliamente distribuido y se considera una especie invasora en muchas regiones del mundo.​​
Es una planta de hoja perenne, probablemente se originó en la península arábiga, pero crece de forma silvestre en climas tropicales, semitropicales y áridos de todo el mundo.​ Se cultiva para productos comerciales, principalmente como tratamiento tópico utilizado durante siglos.​​ La especie es atractiva con fines decorativos y tiene éxito en interiores como planta de maceta.​
Se utiliza en muchos productos de consumo, incluidas bebidas, lociones para la piel, cosméticos, ungüentos o en forma de gel para quemaduras menores y quemaduras solares.","Aloe vera, también llamada sábila, es una especie suculenta de la familia Asphodelaceae. Con unas quinientas (500) especies, el aloe está ampliamente distribuido y se considera una especie invasora en muchas regiones del mundo.​​
Es una planta de hoja perenne, probablemente se originó en la península arábiga, pero crece de forma silvestre en climas tropicales, semitropicales y áridos de todo el mundo.​ Se cultiva para productos comerciales, principalmente como tratamiento tópico utilizado durante siglos.​​ La especie es atractiva con fines decorativos y tiene éxito en interiores como planta de maceta.​
Se utiliza en muchos productos de consumo, incluidas bebidas, lociones para la piel, cosméticos, ungüentos o en forma de gel para quemaduras menores y quemaduras solares.",,,,
813,POL-205CEAA2-2023,Anthurium spp.,Anturio,,Planta del grupo; características morfológicas varían por especie.,,,,fallback template (no wiki extract)
814,POL-27D2203A-2023,Attalea cohune,Cohune,,El corozo (Attalea cohune) es una palmera que se encuentra dentro de la familia Arecaceae.,,,,
815,POL-5FF7F4FA-2022,Anthurium spp.,Anturio,,Planta del grupo; características morfológicas varían por especie.,,,,fallback template (no wiki extract)
816,POL-722C95C8-2025,Roystonea regia,Palma real cubana,,"Roystonea regia, conocida como palma real, es una especie de  palma cuya altura, elegancia y fácil cultivo la ha convertido en una de los árboles utilizados como ornamental más común en el mundo. Es también el más simbólico de los campos de Cuba,  donde es reconocido como árbol nacional.",,,"Roystonea regia, conocida como palma real, es una especie de  palma cuya altura, elegancia y fácil cultivo la ha convertido en una de los árboles utilizados como ornamental más común en el mundo.",
817,POL-99CC658F-2024,Avicennia germinans,Mangle negro,"Avicennia germinans, llamado popularmente mangle blanco,​ mangle prieto o mangle negro,​ es un árbol de la familia Acanthaceae.​ Desempeña un papel clave en el ecosistema del manglar como barrera contra las mareas y resguardo, crianza y protección de la vida silvestre.","Avicennia germinans, llamado popularmente mangle blanco,​ mangle prieto o mangle negro,​ es un árbol de la familia Acanthaceae.​ Desempeña un papel clave en el ecosistema del manglar como barrera contra las mareas y resguardo, crianza y protección de la vida silvestre. Crece en regiones tropicales y subtropicales de América, en ambas costas, del Atlántico y del Pacífico, y en la costa del Atlántico de África tropical, donde prospera en las orillas arenosas.",Es común en áreas costeras de Texas y Florida y habita desde norte de Luisiana y Georgia en los Estados Unidos y por las costas hasta Sudamérica.,,,
818,POL-394B0CC2-2025,Cedrela odorata,Cedro,"Cedrela odorata, llamado comúnmente cedro americano,​ es un árbol de la familia de las Meliáceas de la zona intertropical americana.​ Su madera tiene un gran valor comercial que por su calidad se utiliza en ebanistería y carpintería, también se usa como árbol ornamental en avenidas, parques, plazas.​","Cedrela odorata, llamado comúnmente cedro americano,​ es un árbol de la familia de las Meliáceas de la zona intertropical americana.​ Su madera tiene un gran valor comercial que por su calidad se utiliza en ebanistería y carpintería, también se usa como árbol ornamental en avenidas, parques, plazas.​",,,"Cedrela odorata, llamado comúnmente cedro americano,​ es un árbol de la familia de las Meliáceas de la zona intertropical americana.​ Su madera tiene un gran valor comercial que por su calidad se utiliza en ebanistería y carpintería, también se usa como árbol ornamental en avenidas, parques, plazas.​",
819,POL-C15BAAD5-2024,Capsicum annuum,Chile,,"Capsicum annuum, llamado comúnmente pimiento morrón, pimiento dulce, chile morrón, ají morrón, ají dulce, locote o en algunos países pimentón, entre una multitud de localismos, es la especie más conocida, extendida y cultivada del género Capsicum, de la familia de las solanáceas. Todas las innumerables formas, tamaños, colores y sabores de sus frutos, descritos y nombrados en la cultura popular, corresponden en realidad a esta misma especie.",,"Todas las innumerables formas, tamaños, colores y sabores de sus frutos, descritos y nombrados en la cultura popular, corresponden en realidad a esta misma especie.",,
820,POL-544305EE-2024,Delonix regia,Flaming,"En América Tropical se considera como especie exótica ornamental, por lo que tiene una distribución amplia.","Delonix regia, comúnmente llamado Chivato, Tabachín, Malinche, Árbol de Caballero, Árbol de fuego​, Ponciana Real,  flamboyant, flamboyán, Framboyán de Madagascar o Clavellino de Madagascar, entre otros nombres, es un árbol de la familia de las fabáceas. Es uno de los árboles más coloridos del mundo por sus flores rojas, anaranjadas, y por su follaje verde brillante puede llegar a medir hasta 12 m.","Es uno de los árboles más coloridos del mundo por sus flores rojas, anaranjadas, y por su follaje verde brillante puede llegar a medir hasta 12 m.",,"En América Tropical se considera como especie exótica ornamental, por lo que tiene una distribución amplia.",
821,POL-9C1DEDD7-2024,Enterolobium cyclocarpum,Guanacaste,"Es un árbol nativo de América, de regiones tropicales y templadas cálidas.","Enterolobium cyclocarpum es una especie de árbol del orden Fabales, familia Fabaceae. Es un árbol nativo de América, de regiones tropicales y templadas cálidas.",,,Es una especie maderable y a veces se usa como árbol de ornato.,
822,POL-775639C9-2025,Ceiba pentandra,Ceiba,"En algunas zonas al árbol y la fibra que se obtiene de las semillas se les llama en inglés como kapok, nombre derivado del malayo que originalmente se aplicaba a Bombax ceiba, nativo de Asia tropical.​ Es originario de la región de Mesoamérica y se distribuye mundialmente por la zona intertropical.​​ Se cultiva en plantaciones para la obtención de fibra y aceite, así como también se utiliza de forma ornamental, en la reforestación y la carpintería.​","Ceiba pentandra, llamado comúnmente ceiba, ceibo, pochote, huimba, o yaxché,​ es un árbol de la familia Malvaceae​ (anteriormente perteneciente a la familia Bombacaceae). En algunas zonas al árbol y la fibra que se obtiene de las semillas se les llama en inglés como kapok, nombre derivado del malayo que originalmente se aplicaba a Bombax ceiba, nativo de Asia tropical.​ Es originario de la región de Mesoamérica y se distribuye mundialmente por la zona intertropical.​​ Se cultiva en plantaciones para la obtención de fibra y aceite, así como también se utiliza de forma ornamental, en la reforestación y la carpintería.​",,"En algunas zonas al árbol y la fibra que se obtiene de las semillas se les llama en inglés como kapok, nombre derivado del malayo que originalmente se aplicaba a Bombax ceiba, nativo de Asia tropical.​ Es originario de la región de Mesoamérica y se distribuye mundialmente por la zona intertropical.​​ Se cultiva en plantaciones para la obtención de fibra y aceite, así como también se utiliza de forma ornamental, en la reforestación y la carpintería.​","En algunas zonas al árbol y la fibra que se obtiene de las semillas se les llama en inglés como kapok, nombre derivado del malayo que originalmente se aplicaba a Bombax ceiba, nativo de Asia tropical.​ Es originario de la región de Mesoamérica y se distribuye mundialmente por la zona intertropical.​​ Se cultiva en plantaciones para la obtención de fibra y aceite, así como también se utiliza de forma ornamental, en la reforestación y la carpintería.​",
823,POL-C018F16D-2022,Attalea cohune,Cohune,,El corozo (Attalea cohune) es una palmera que se encuentra dentro de la familia Arecaceae.,,,,
824,POL-6E1D6B78-2023,Tabebuia rosea,Maculís,"Tabebuia rosea, llamado comúnmente tajibo, apamate, mocoque,  matilisguate en Guatemala, maculís, macuilís, macuelizo, maquilishuat, guayacán rosado o  roble de sabana , es un árbol de la familia de las bignonáceas.​ Es nativo de México, Guatemala, El Salvador  y otras regiones de Centroamérica, llegando a Colombia (Villeta, Cundinamarca), Panamá, Venezuela y Perú.","Tabebuia rosea, llamado comúnmente tajibo, apamate, mocoque,  matilisguate en Guatemala, maculís, macuilís, macuelizo, maquilishuat, guayacán rosado o  roble de sabana , es un árbol de la familia de las bignonáceas.​ Es nativo de México, Guatemala, El Salvador  y otras regiones de Centroamérica, llegando a Colombia (Villeta, Cundinamarca), Panamá, Venezuela y Perú. Es el árbol nacional de El Salvador,​ Se utiliza como árbol ornamental en parques, plazas y avenidas; y por su madera usada en ebanistería.​",,,"Es el árbol nacional de El Salvador,​ Se utiliza como árbol ornamental en parques, plazas y avenidas; y por su madera usada en ebanistería.​",
825,POL-619A56AB-2022,Lysiloma latisiliquum,Tzalam,"Habita en zonas con vegetación tropical húmeda y en las cercanías del manglar, en elevaciones menores a los 250 m s.","El tsalam o tzalam (Lysiloma latisiliquum), también llamado abey​ en las Antillas y Venezuela, es un árbol maderable de la familia de las fabáceas. Es nativo de la Florida en el sur de Estados Unidos, las Bahamas, el Caribe, sur de México y el norte de América Central.​ Sin embargo en su mayor parte se encuentra restringido a la península de Yucatán.","Es nativo de la Florida en el sur de Estados Unidos, las Bahamas, el Caribe, sur de México y el norte de América Central.​ Sin embargo en su mayor parte se encuentra restringido a la península de Yucatán.",,"El tsalam o tzalam (Lysiloma latisiliquum), también llamado abey​ en las Antillas y Venezuela, es un árbol maderable de la familia de las fabáceas.",
826,POL-8EAD397F-2025,Chamaedorea elegans,Palma camedor,,"Chamaedorea elegans, también conocida como camaedorea, pacaya o palmera de salón, es una especie de pequeña palmera perteneciente a la familia Arecaceae. Es muy popular como planta de interior.",,,,
827,POL-6183F6A4-2023,Heliconia spp.,Heliconia,,Planta del grupo; características morfológicas varían por especie.,,,,fallback template (no wiki extract)
828,POL-A2B509C3-2023,Rhizophora mangle,Mangle rojo,"Rhizophora mangle llamado comúnmente mangle rojo ​ es una especie vegetal de la familia Rhizophoraceae,​ la cual cuenta con alrededor de 120 especies distribuidas en 16 géneros, siendo el género Rhizophora el más conocido, dominando las partes más anegadas de los ecosistemas manglar y la zona intermareal.","Rhizophora mangle llamado comúnmente mangle rojo ​ es una especie vegetal de la familia Rhizophoraceae,​ la cual cuenta con alrededor de 120 especies distribuidas en 16 géneros, siendo el género Rhizophora el más conocido, dominando las partes más anegadas de los ecosistemas manglar y la zona intermareal. Es una especie adaptada a ambientes salinos y tolera mayor salinidad que los otros mangles y sirve de refugio a animales terrestres y acuáticos.​ El mangle rojo es uno de los árboles emblemáticos de Venezuela.​ Tiene múltiples usos desde maderable, medicinal, curtiente, para construcción y melífero.​​",,,"Es una especie adaptada a ambientes salinos y tolera mayor salinidad que los otros mangles y sirve de refugio a animales terrestres y acuáticos.​ El mangle rojo es uno de los árboles emblemáticos de Venezuela.​ Tiene múltiples usos desde maderable, medicinal, curtiente, para construcción y melífero.​​",
829,POL-7D97C037-2022,Rosmarinus officinalis,Romero,,"Salvia rosmarinus,​ conocida popularmente como romero, es una hierba leñosa perenne, con follaje siempre verde y flores blancas, rosas, púrpuras o azules, perteneciente a la familia Lamiaceae, nativa de la región mediterránea. Hasta el año 2017 la especie era conocida por el nombre científico Rosmarinus officinalis, ahora un sinónimo.​​","Salvia rosmarinus,​ conocida popularmente como romero, es una hierba leñosa perenne, con follaje siempre verde y flores blancas, rosas, púrpuras o azules, perteneciente a la familia Lamiaceae, nativa de la región mediterránea.",,,
830,POL-4F70B09E-2023,Nymphaea ampla,Nenúfar,,"Nymphaea ampla es una especie de planta con flores de la familia Nymphaeaceae.​ Es originaria de Texas, Florida, México, América Central, el Caribe y el norte y oeste de América del Sur.​ El recuento de cromosomas es n = 14. El tamaño del genoma es 772,62 Mb.​ El genoma del cloroplasto tiene una longitud de 159879 pb.​","Nymphaea ampla es una especie de planta con flores de la familia Nymphaeaceae.​ Es originaria de Texas, Florida, México, América Central, el Caribe y el norte y oeste de América del Sur.​ El recuento de cromosomas es n = 14.",,,
831,POL-C3ABE384-2023,Tabebuia rosea,Maculís,"Tabebuia rosea, llamado comúnmente tajibo, apamate, mocoque,  matilisguate en Guatemala, maculís, macuilís, macuelizo, maquilishuat, guayacán rosado o  roble de sabana , es un árbol de la familia de las bignonáceas.​ Es nativo de México, Guatemala, El Salvador  y otras regiones de Centroamérica, llegando a Colombia (Villeta, Cundinamarca), Panamá, Venezuela y Perú.","Tabebuia rosea, llamado comúnmente tajibo, apamate, mocoque,  matilisguate en Guatemala, maculís, macuilís, macuelizo, maquilishuat, guayacán rosado o  roble de sabana , es un árbol de la familia de las bignonáceas.​ Es nativo de México, Guatemala, El Salvador  y otras regiones de Centroamérica, llegando a Colombia (Villeta, Cundinamarca), Panamá, Venezuela y Perú. Es el árbol nacional de El Salvador,​ Se utiliza como árbol ornamental en parques, plazas y avenidas; y por su madera usada en ebanistería.​",,,"Es el árbol nacional de El Salvador,​ Se utiliza como árbol ornamental en parques, plazas y avenidas; y por su madera usada en ebanistería.​",
832,POL-9831FDB7-2023,Tabebuia rosea,Maculís,"Tabebuia rosea, llamado comúnmente tajibo, apamate, mocoque,  matilisguate en Guatemala, maculís, macuilís, macuelizo, maquilishuat, guayacán rosado o  roble de sabana , es un árbol de la familia de las bignonáceas.​ Es nativo de México, Guatemala, El Salvador  y otras regiones de Centroamérica, llegando a Colombia (Villeta, Cundinamarca), Panamá, Venezuela y Perú.","Tabebuia rosea, llamado comúnmente tajibo, apamate, mocoque,  matilisguate en Guatemala, maculís, macuilís, macuelizo, maquilishuat, guayacán rosado o  roble de sabana , es un árbol de la familia de las bignonáceas.​ Es nativo de México, Guatemala, El Salvador  y otras regiones de Centroamérica, llegando a Colombia (Villeta, Cundinamarca), Panamá, Venezuela y Perú. Es el árbol nacional de El Salvador,​ Se utiliza como árbol ornamental en parques, plazas y avenidas; y por su madera usada en ebanistería.​",,,"Es el árbol nacional de El Salvador,​ Se utiliza como árbol ornamental en parques, plazas y avenidas; y por su madera usada en ebanistería.​",
833,POL-E8E51BCE-2023,Laguncularia racemosa,Mangle blanco,"Laguncularia racemosa, conocido también en Cuba como patabán,​ y en Colombia, Venezuela y Costa Rica como mangle blanco o mereicillo, es la única especie del género monotípico Laguncularia.","Laguncularia racemosa, conocido también en Cuba como patabán,​ y en Colombia, Venezuela y Costa Rica como mangle blanco o mereicillo, es la única especie del género monotípico Laguncularia.",,,,
834,POL-3D3A3E7E-2024,Bougainvillea spectabilis,Bugambilia,,Bougainvillea spectabilis es una planta trepadora de la familia Nyctaginaceae. Es originaria de Brasil donde se encuentra en la Amazonia y la Mata Atlántica.​,,,,
835,POL-B82A65EB-2023,Mentha spicata,Menta,,"Mentha spicata, conocida popularmente como hierbabuena, yerbabuena o menta de jardín, es una especie del género Mentha, una hierba aromática muy empleada en gastronomía y perfumería por su aroma intenso y fresco.",,,,
836,POL-3CE0528F-2024,Philodendron spp.,Filodendro,,Planta del grupo; características morfológicas varían por especie.,,,,fallback template (no wiki extract)
837,POL-F4D3B71E-2024,Anthurium spp.,Anturio,,Planta del grupo; características morfológicas varían por especie.,,,,fallback template (no wiki extract)
838,POL-CCC9847D-2023,Heliconia spp.,Heliconia,,Planta del grupo; características morfológicas varían por especie.,,,,fallback template (no wiki extract)
839,POL-DE49FCA0-2023,Solanum lycopersicum,Tomate,,"Solanum lycopersicum, conocida comúnmente como tomate o tomatera es una especie de planta herbácea del género Solanum de la familia Solanaceae. Es una planta de importancia global por su uso como alimento.​ La planta es cultivada en el mundo entero para el consumo de su fruto, el tomate o jitomate, tanto fresco como procesado de diferentes maneras: salsa, puré, zumo, deshidratado, enlatado, etc.",,"Es una planta de importancia global por su uso como alimento.​ La planta es cultivada en el mundo entero para el consumo de su fruto, el tomate o jitomate, tanto fresco como procesado de diferentes maneras: salsa, puré, zumo, deshidratado, enlatado, etc.","Es una planta de importancia global por su uso como alimento.​ La planta es cultivada en el mundo entero para el consumo de su fruto, el tomate o jitomate, tanto fresco como procesado de diferentes maneras: salsa, puré, zumo, deshidratado, enlatado, etc.",
840,POL-3B18BF72-2024,Heliconia spp.,Heliconia,,Planta del grupo; características morfológicas varían por especie.,,,,fallback template (no wiki extract)
841,POL-44798B03-2024,Heliconia spp.,Heliconia,,Planta del grupo; características morfológicas varían por especie.,,,,fallback template (no wiki extract)
842,POL-CD534DA7-2023,Manihot esculenta,Yuca,Es originaria del centro de América del Sur y se ha cultivado en la mayor parte de las zonas tropicales y subtropicales del continente americano.,"Manihot esculenta, llamada comúnmente yuca, aipim, casabe, casava, guacamota, lumu o mandioca, es un arbusto perenne de la familia de las euforbiáceas extensamente cultivado en América, África y Oceanía por sus raíces con almidones de alto valor alimentario. Es originaria del centro de América del Sur y se ha cultivado en la mayor parte de las zonas tropicales y subtropicales del continente americano.",,,"Manihot esculenta, llamada comúnmente yuca, aipim, casabe, casava, guacamota, lumu o mandioca, es un arbusto perenne de la familia de las euforbiáceas extensamente cultivado en América, África y Oceanía por sus raíces con almidones de alto valor alimentario.",
843,POL-0AB8CB40-2024,Astrocaryum mexicanum,Chocho,,Astrocaryum mexicanum es una especie de planta de la familia de las palmeras (Arecaceae). Astrocaryum mexicanum fue descrita por Liebm.,,,,
844,POL-DE8D2D33-2023,Heliconia spp.,Heliconia,,Planta del grupo; características morfológicas varían por especie.,,,,fallback template (no wiki extract)
845,POL-5DB8D7BB-2024,Lysiloma latisiliquum,Tzalam,"Habita en zonas con vegetación tropical húmeda y en las cercanías del manglar, en elevaciones menores a los 250 m s.","El tsalam o tzalam (Lysiloma latisiliquum), también llamado abey​ en las Antillas y Venezuela, es un árbol maderable de la familia de las fabáceas. Es nativo de la Florida en el sur de Estados Unidos, las Bahamas, el Caribe, sur de México y el norte de América Central.​ Sin embargo en su mayor parte se encuentra restringido a la península de Yucatán.","Es nativo de la Florida en el sur de Estados Unidos, las Bahamas, el Caribe, sur de México y el norte de América Central.​ Sin embargo en su mayor parte se encuentra restringido a la península de Yucatán.",,"El tsalam o tzalam (Lysiloma latisiliquum), también llamado abey​ en las Antillas y Venezuela, es un árbol maderable de la familia de las fabáceas.",
846,POL-19833623-2025,Nymphaea ampla,Nenúfar,,"Nymphaea ampla es una especie de planta con flores de la familia Nymphaeaceae.​ Es originaria de Texas, Florida, México, América Central, el Caribe y el norte y oeste de América del Sur.​ El recuento de cromosomas es n = 14. El tamaño del genoma es 772,62 Mb.​ El genoma del cloroplasto tiene una longitud de 159879 pb.​","Nymphaea ampla es una especie de planta con flores de la familia Nymphaeaceae.​ Es originaria de Texas, Florida, México, América Central, el Caribe y el norte y oeste de América del Sur.​ El recuento de cromosomas es n = 14.",,,
847,POL-56B6864D-2024,Manihot esculenta,Yuca,Es originaria del centro de América del Sur y se ha cultivado en la mayor parte de las zonas tropicales y subtropicales del continente americano.,"Manihot esculenta, llamada comúnmente yuca, aipim, casabe, casava, guacamota, lumu o mandioca, es un arbusto perenne de la familia de las euforbiáceas extensamente cultivado en América, África y Oceanía por sus raíces con almidones de alto valor alimentario. Es originaria del centro de América del Sur y se ha cultivado en la mayor parte de las zonas tropicales y subtropicales del continente americano.",,,"Manihot esculenta, llamada comúnmente yuca, aipim, casabe, casava, guacamota, lumu o mandioca, es un arbusto perenne de la familia de las euforbiáceas extensamente cultivado en América, África y Oceanía por sus raíces con almidones de alto valor alimentario.",
848,POL-89A654B1-2025,Bougainvillea spectabilis,Bugambilia,,Bougainvillea spectabilis es una planta trepadora de la familia Nyctaginaceae. Es originaria de Brasil donde se encuentra en la Amazonia y la Mata Atlántica.​,,,,
849,POL-0F0A0429-2022,Zea mays,Maíz,,"El maíz (Zea mays) o choclo es una especie de planta gramínea originaria de Mesoamérica. Su infrutescencia femenina se llama mazorca, elote o choclo y allí crecen granos comestibles.",,"Su infrutescencia femenina se llama mazorca, elote o choclo y allí crecen granos comestibles.",,
850,POL-C133E600-2024,Cedrela odorata,Cedro,"Cedrela odorata, llamado comúnmente cedro americano,​ es un árbol de la familia de las Meliáceas de la zona intertropical americana.​ Su madera tiene un gran valor comercial que por su calidad se utiliza en ebanistería y carpintería, también se usa como árbol ornamental en avenidas, parques, plazas.​","Cedrela odorata, llamado comúnmente cedro americano,​ es un árbol de la familia de las Meliáceas de la zona intertropical americana.​ Su madera tiene un gran valor comercial que por su calidad se utiliza en ebanistería y carpintería, también se usa como árbol ornamental en avenidas, parques, plazas.​",,,"Cedrela odorata, llamado comúnmente cedro americano,​ es un árbol de la familia de las Meliáceas de la zona intertropical americana.​ Su madera tiene un gran valor comercial que por su calidad se utiliza en ebanistería y carpintería, también se usa como árbol ornamental en avenidas, parques, plazas.​",
851,POL-404D59C3-2024,Cedrela odorata,Cedro,"Cedrela odorata, llamado comúnmente cedro americano,​ es un árbol de la familia de las Meliáceas de la zona intertropical americana.​ Su madera tiene un gran valor comercial que por su calidad se utiliza en ebanistería y carpintería, también se usa como árbol ornamental en avenidas, parques, plazas.​","Cedrela odorata, llamado comúnmente cedro americano,​ es un árbol de la familia de las Meliáceas de la zona intertropical americana.​ Su madera tiene un gran valor comercial que por su calidad se utiliza en ebanistería y carpintería, también se usa como árbol ornamental en avenidas, parques, plazas.​",,,"Cedrela odorata, llamado comúnmente cedro americano,​ es un árbol de la familia de las Meliáceas de la zona intertropical americana.​ Su madera tiene un gran valor comercial que por su calidad se utiliza en ebanistería y carpintería, también se usa como árbol ornamental en avenidas, parques, plazas.​",
852,POL-73EFA832-2024,Capsicum annuum,Chile,,"Capsicum annuum, llamado comúnmente pimiento morrón, pimiento dulce, chile morrón, ají morrón, ají dulce, locote o en algunos países pimentón, entre una multitud de localismos, es la especie más conocida, extendida y cultivada del género Capsicum, de la familia de las solanáceas. Todas las innumerables formas, tamaños, colores y sabores de sus frutos, descritos y nombrados en la cultura popular, corresponden en realidad a esta misma especie.",,"Todas las innumerables formas, tamaños, colores y sabores de sus frutos, descritos y nombrados en la cultura popular, corresponden en realidad a esta misma especie.",,
853,POL-28E7FA9D-2023,Laguncularia racemosa,Mangle blanco,"Laguncularia racemosa, conocido también en Cuba como patabán,​ y en Colombia, Venezuela y Costa Rica como mangle blanco o mereicillo, es la única especie del género monotípico Laguncularia.","Laguncularia racemosa, conocido también en Cuba como patabán,​ y en Colombia, Venezuela y Costa Rica como mangle blanco o mereicillo, es la única especie del género monotípico Laguncularia.",,,,
854,POL-0879EC3A-2023,Hibiscus rosa-sinensis,Hibisco,,"Hibiscus rosa-sinensis, llamado comúnmente rosa de China, cayena,  amapola, hibisco, gumamela, entre otros nombres,​ es un arbusto caducifolio de la familia de las malváceas, originario de Asia oriental.",,,,
855,POL-4F85BD4A-2024,Capsicum annuum,Chile,,"Capsicum annuum, llamado comúnmente pimiento morrón, pimiento dulce, chile morrón, ají morrón, ají dulce, locote o en algunos países pimentón, entre una multitud de localismos, es la especie más conocida, extendida y cultivada del género Capsicum, de la familia de las solanáceas. Todas las innumerables formas, tamaños, colores y sabores de sus frutos, descritos y nombrados en la cultura popular, corresponden en realidad a esta misma especie.",,"Todas las innumerables formas, tamaños, colores y sabores de sus frutos, descritos y nombrados en la cultura popular, corresponden en realidad a esta misma especie.",,
856,POL-41E0935B-2023,Monstera deliciosa,Costilla de Adán,"Monstera deliciosa, llamada comúnmente cerimán o costilla de Adán, es una especie de planta trepadora de la familia Araceae, endémica de selvas tropicales, que se distribuye desde el centro y sur de México hasta el norte de Argentina.[cita requerida]","Monstera deliciosa, llamada comúnmente cerimán o costilla de Adán, es una especie de planta trepadora de la familia Araceae, endémica de selvas tropicales, que se distribuye desde el centro y sur de México hasta el norte de Argentina.[cita requerida]",,,,
857,POL-1E817A9B-2025,Tabebuia rosea,Maculís,"Tabebuia rosea, llamado comúnmente tajibo, apamate, mocoque,  matilisguate en Guatemala, maculís, macuilís, macuelizo, maquilishuat, guayacán rosado o  roble de sabana , es un árbol de la familia de las bignonáceas.​ Es nativo de México, Guatemala, El Salvador  y otras regiones de Centroamérica, llegando a Colombia (Villeta, Cundinamarca), Panamá, Venezuela y Perú.","Tabebuia rosea, llamado comúnmente tajibo, apamate, mocoque,  matilisguate en Guatemala, maculís, macuilís, macuelizo, maquilishuat, guayacán rosado o  roble de sabana , es un árbol de la familia de las bignonáceas.​ Es nativo de México, Guatemala, El Salvador  y otras regiones de Centroamérica, llegando a Colombia (Villeta, Cundinamarca), Panamá, Venezuela y Perú. Es el árbol nacional de El Salvador,​ Se utiliza como árbol ornamental en parques, plazas y avenidas; y por su madera usada en ebanistería.​",,,"Es el árbol nacional de El Salvador,​ Se utiliza como árbol ornamental en parques, plazas y avenidas; y por su madera usada en ebanistería.​",
858,POL-CD78A5C6-2024,Chamaedorea elegans,Palma camedor,,"Chamaedorea elegans, también conocida como camaedorea, pacaya o palmera de salón, es una especie de pequeña palmera perteneciente a la familia Arecaceae. Es muy popular como planta de interior.",,,,
859,POL-401FFD5F-2022,Philodendron spp.,Filodendro,,Planta del grupo; características morfológicas varían por especie.,,,,fallback template (no wiki extract)
860,POL-3CDE2AD0-2025,Ocimum basilicum,Albahaca,"Ocimum basilicum es una hierba aromática anual de la familia de las lamiáceas nativa de las regiones tropicales de África Central y el sudeste asiático, que se cultiva desde hace milenios.​ Es una planta tierna y se utiliza en cocinas de todo el mundo.","Ocimum basilicum es una hierba aromática anual de la familia de las lamiáceas nativa de las regiones tropicales de África Central y el sudeste asiático, que se cultiva desde hace milenios.​ Es una planta tierna y se utiliza en cocinas de todo el mundo. Hay muchas variedades de Ocimum basilicum, así como varias especies relacionadas.","thyrsiflora), Ocimum × citriodorum y el tulsí.",,,
861,POL-8D795DCD-2024,Anthurium spp.,Anturio,,Planta del grupo; características morfológicas varían por especie.,,,,fallback template (no wiki extract)
862,POL-D21ED500-2023,Bougainvillea spectabilis,Bugambilia,,Bougainvillea spectabilis es una planta trepadora de la familia Nyctaginaceae. Es originaria de Brasil donde se encuentra en la Amazonia y la Mata Atlántica.​,,,,
863,POL-91CAEBA6-2023,Philodendron spp.,Filodendro,,Planta del grupo; características morfológicas varían por especie.,,,,fallback template (no wiki extract)
864,POL-D1E037C7-2023,Manihot esculenta,Yuca,Es originaria del centro de América del Sur y se ha cultivado en la mayor parte de las zonas tropicales y subtropicales del continente americano.,"Manihot esculenta, llamada comúnmente yuca, aipim, casabe, casava, guacamota, lumu o mandioca, es un arbusto perenne de la familia de las euforbiáceas extensamente cultivado en América, África y Oceanía por sus raíces con almidones de alto valor alimentario. Es originaria del centro de América del Sur y se ha cultivado en la mayor parte de las zonas tropicales y subtropicales del continente americano.",,,"Manihot esculenta, llamada comúnmente yuca, aipim, casabe, casava, guacamota, lumu o mandioca, es un arbusto perenne de la familia de las euforbiáceas extensamente cultivado en América, África y Oceanía por sus raíces con almidones de alto valor alimentario.",
865,POL-46337DA7-2024,Philodendron spp.,Filodendro,,Planta del grupo; características morfológicas varían por especie.,,,,fallback template (no wiki extract)
866,POL-69B49B54-2024,Thymus vulgaris,Tomillo,,"El tomillo común (Thymus vulgaris), también tomillo vulgar o simplemente tomillo es un arbusto de la familia de las labiadas ampliamente usado en gastronomía y medicina. Se caracteriza por sus aceites esenciales que producen un olor aromático agradable e intenso, con el que atrae a polinizadores de Diptera e Hymenoptera.​​ Entre las diversas propiedades medicinales que tiene el tomillo se pueden mencionar que es digestivo, antiséptico y vigorizante.​​
Se considera una de las «hierbas mediterráneas», un grupo de plantas aromáticas que se usan en las cocinas tradicionales del Mediterráneo, junto con el romero, el orégano, la mejorana, la albahaca, etcétera.​ El tomillo vulgar se ha adaptado a otros ecosistemas en América, África y Asia.​ No se debe confundir el tomillo vulgar con el tomillo limón (T.",,,"El tomillo común (Thymus vulgaris), también tomillo vulgar o simplemente tomillo es un arbusto de la familia de las labiadas ampliamente usado en gastronomía y medicina.",
867,POL-EA0A3D79-2025,Enterolobium cyclocarpum,Guanacaste,"Es un árbol nativo de América, de regiones tropicales y templadas cálidas.","Enterolobium cyclocarpum es una especie de árbol del orden Fabales, familia Fabaceae. Es un árbol nativo de América, de regiones tropicales y templadas cálidas.",,,Es una especie maderable y a veces se usa como árbol de ornato.,
868,POL-4BBD0FC9-2025,Ocimum basilicum,Albahaca,"Ocimum basilicum es una hierba aromática anual de la familia de las lamiáceas nativa de las regiones tropicales de África Central y el sudeste asiático, que se cultiva desde hace milenios.​ Es una planta tierna y se utiliza en cocinas de todo el mundo.","Ocimum basilicum es una hierba aromática anual de la familia de las lamiáceas nativa de las regiones tropicales de África Central y el sudeste asiático, que se cultiva desde hace milenios.​ Es una planta tierna y se utiliza en cocinas de todo el mundo. Hay muchas variedades de Ocimum basilicum, así como varias especies relacionadas.","thyrsiflora), Ocimum × citriodorum y el tulsí.",,,
869,POL-94038544-2023,Lysiloma latisiliquum,Tzalam,"Habita en zonas con vegetación tropical húmeda y en las cercanías del manglar, en elevaciones menores a los 250 m s.","El tsalam o tzalam (Lysiloma latisiliquum), también llamado abey​ en las Antillas y Venezuela, es un árbol maderable de la familia de las fabáceas. Es nativo de la Florida en el sur de Estados Unidos, las Bahamas, el Caribe, sur de México y el norte de América Central.​ Sin embargo en su mayor parte se encuentra restringido a la península de Yucatán.","Es nativo de la Florida en el sur de Estados Unidos, las Bahamas, el Caribe, sur de México y el norte de América Central.​ Sin embargo en su mayor parte se encuentra restringido a la península de Yucatán.",,"El tsalam o tzalam (Lysiloma latisiliquum), también llamado abey​ en las Antillas y Venezuela, es un árbol maderable de la familia de las fabáceas.",
870,POL-4D0ED7E8-2025,Piscidia piscipula,Jabín,"Piscidia piscipula, llamado comúnmente barbasco, palo de agua, jabil, jabín o chijol, es una especie de árbol tropical de tamaño mediano, de hojas caducas, nativa del sur de Florida, los Cayos de la Florida, Tejas, de Antillas y América Latina.","Piscidia piscipula, llamado comúnmente barbasco, palo de agua, jabil, jabín o chijol, es una especie de árbol tropical de tamaño mediano, de hojas caducas, nativa del sur de Florida, los Cayos de la Florida, Tejas, de Antillas y América Latina. El árbol tiene valor medicinal como analgésico y sedante.​ Piscidia piscipula fue descrita por (L.) Sarg.","Piscidia piscipula, llamado comúnmente barbasco, palo de agua, jabil, jabín o chijol, es una especie de árbol tropical de tamaño mediano, de hojas caducas, nativa del sur de Florida, los Cayos de la Florida, Tejas, de Antillas y América Latina.",,El árbol tiene valor medicinal como analgésico y sedante.​ Piscidia piscipula fue descrita por (L.) Sarg.,
871,POL-815C64F6-2023,Mentha spicata,Menta,,"Mentha spicata, conocida popularmente como hierbabuena, yerbabuena o menta de jardín, es una especie del género Mentha, una hierba aromática muy empleada en gastronomía y perfumería por su aroma intenso y fresco.",,,,
872,POL-A18DE1E9-2024,Philodendron spp.,Filodendro,,Planta del grupo; características morfológicas varían por especie.,,,,fallback template (no wiki extract)
873,POL-A7A2E125-2024,Enterolobium cyclocarpum,Guanacaste,"Es un árbol nativo de América, de regiones tropicales y templadas cálidas.","Enterolobium cyclocarpum es una especie de árbol del orden Fabales, familia Fabaceae. Es un árbol nativo de América, de regiones tropicales y templadas cálidas.",,,Es una especie maderable y a veces se usa como árbol de ornato.,
874,POL-111FB4E7-2023,Sabal mexicana,Palma real,,"Sabal mexicana, llamado comúnmente palmito mexicano o palma de petate,​ es una especie de la familia de las  Arecaceae nativa de Norteamérica. Está estrechamente emparentado con Sabal guatemalensis, y las dos especies pueden ser sinónimos.​​",,,,
875,POL-E50657C1-2024,Cucurbita pepo,Calabaza,,"Cucurbita pepo es el nombre científico de una especie de plantas cucurbitáceas originaria de Mesoamérica y sur de Estados Unidos, que junto con otras especies emparentadas (Cucurbita maxima, C. moschata, C.",,"argyrosperma) forman un grupo de especies de calabazas cuyas variedades cultivadas, de las que se cosecha su fruto maduro o inmaduro, poseen usos culinarios indistinguibles (son los zapallos, calabacines, zapallitos, zapallo italiano, auyamas, ahuyamas, pipianes, ayotes, zuquini, zucchini, etc).","argyrosperma) forman un grupo de especies de calabazas cuyas variedades cultivadas, de las que se cosecha su fruto maduro o inmaduro, poseen usos culinarios indistinguibles (son los zapallos, calabacines, zapallitos, zapallo italiano, auyamas, ahuyamas, pipianes, ayotes, zuquini, zucchini, etc).",
876,POL-79B6EE27-2024,Ocimum basilicum,Albahaca,"Ocimum basilicum es una hierba aromática anual de la familia de las lamiáceas nativa de las regiones tropicales de África Central y el sudeste asiático, que se cultiva desde hace milenios.​ Es una planta tierna y se utiliza en cocinas de todo el mundo.","Ocimum basilicum es una hierba aromática anual de la familia de las lamiáceas nativa de las regiones tropicales de África Central y el sudeste asiático, que se cultiva desde hace milenios.​ Es una planta tierna y se utiliza en cocinas de todo el mundo. Hay muchas variedades de Ocimum basilicum, así como varias especies relacionadas.","thyrsiflora), Ocimum × citriodorum y el tulsí.",,,
877,POL-826F3182-2023,Manihot esculenta,Yuca,Es originaria del centro de América del Sur y se ha cultivado en la mayor parte de las zonas tropicales y subtropicales del continente americano.,"Manihot esculenta, llamada comúnmente yuca, aipim, casabe, casava, guacamota, lumu o mandioca, es un arbusto perenne de la familia de las euforbiáceas extensamente cultivado en América, África y Oceanía por sus raíces con almidones de alto valor alimentario. Es originaria del centro de América del Sur y se ha cultivado en la mayor parte de las zonas tropicales y subtropicales del continente americano.",,,"Manihot esculenta, llamada comúnmente yuca, aipim, casabe, casava, guacamota, lumu o mandioca, es un arbusto perenne de la familia de las euforbiáceas extensamente cultivado en América, África y Oceanía por sus raíces con almidones de alto valor alimentario.",
878,POL-92B565FE-2024,Manihot esculenta,Yuca,Es originaria del centro de América del Sur y se ha cultivado en la mayor parte de las zonas tropicales y subtropicales del continente americano.,"Manihot esculenta, llamada comúnmente yuca, aipim, casabe, casava, guacamota, lumu o mandioca, es un arbusto perenne de la familia de las euforbiáceas extensamente cultivado en América, África y Oceanía por sus raíces con almidones de alto valor alimentario. Es originaria del centro de América del Sur y se ha cultivado en la mayor parte de las zonas tropicales y subtropicales del continente americano.",,,"Manihot esculenta, llamada comúnmente yuca, aipim, casabe, casava, guacamota, lumu o mandioca, es un arbusto perenne de la familia de las euforbiáceas extensamente cultivado en América, África y Oceanía por sus raíces con almidones de alto valor alimentario.",
879,POL-C0467972-2023,Heliconia spp.,Heliconia,,Planta del grupo; características morfológicas varían por especie.,,,,fallback template (no wiki extract)
880,POL-4C63D4CD-2022,Chamaedorea elegans,Palma camedor,,"Chamaedorea elegans, también conocida como camaedorea, pacaya o palmera de salón, es una especie de pequeña palmera perteneciente a la familia Arecaceae. Es muy popular como planta de interior.",,,,
881,POL-67843BAF-2023,Hibiscus rosa-sinensis,Hibisco,,"Hibiscus rosa-sinensis, llamado comúnmente rosa de China, cayena,  amapola, hibisco, gumamela, entre otros nombres,​ es un arbusto caducifolio de la familia de las malváceas, originario de Asia oriental.",,,,
882,POL-56794299-2024,Nymphaea ampla,Nenúfar,,"Nymphaea ampla es una especie de planta con flores de la familia Nymphaeaceae.​ Es originaria de Texas, Florida, México, América Central, el Caribe y el norte y oeste de América del Sur.​ El recuento de cromosomas es n = 14. El tamaño del genoma es 772,62 Mb.​ El genoma del cloroplasto tiene una longitud de 159879 pb.​","Nymphaea ampla es una especie de planta con flores de la familia Nymphaeaceae.​ Es originaria de Texas, Florida, México, América Central, el Caribe y el norte y oeste de América del Sur.​ El recuento de cromosomas es n = 14.",,,
883,POL-47C8C76B-2023,Rosmarinus officinalis,Romero,,"Salvia rosmarinus,​ conocida popularmente como romero, es una hierba leñosa perenne, con follaje siempre verde y flores blancas, rosas, púrpuras o azules, perteneciente a la familia Lamiaceae, nativa de la región mediterránea. Hasta el año 2017 la especie era conocida por el nombre científico Rosmarinus officinalis, ahora un sinónimo.​​","Salvia rosmarinus,​ conocida popularmente como romero, es una hierba leñosa perenne, con follaje siempre verde y flores blancas, rosas, púrpuras o azules, perteneciente a la familia Lamiaceae, nativa de la región mediterránea.",,,
884,POL-BB0BA32E-2024,Ficus spp.,Higo,,Planta del grupo; características morfológicas varían por especie.,,,,fallback template (no wiki extract)
885,POL-5B6FB0FA-2024,Pistia stratiotes,Lechuga de agua,,Pistia stratiotes es la única especie del género monotípico Pistia. Esta planta acuática de la familia Araceae es llamada comúnmente repollito del agua o lechuga de agua.,,,,
886,POL-C5E839A4-2024,Ocimum basilicum,Albahaca,"Ocimum basilicum es una hierba aromática anual de la familia de las lamiáceas nativa de las regiones tropicales de África Central y el sudeste asiático, que se cultiva desde hace milenios.​ Es una planta tierna y se utiliza en cocinas de todo el mundo.","Ocimum basilicum es una hierba aromática anual de la familia de las lamiáceas nativa de las regiones tropicales de África Central y el sudeste asiático, que se cultiva desde hace milenios.​ Es una planta tierna y se utiliza en cocinas de todo el mundo. Hay muchas variedades de Ocimum basilicum, así como varias especies relacionadas.","thyrsiflora), Ocimum × citriodorum y el tulsí.",,,
887,POL-19298390-2024,Zea mays,Maíz,,"El maíz (Zea mays) o choclo es una especie de planta gramínea originaria de Mesoamérica. Su infrutescencia femenina se llama mazorca, elote o choclo y allí crecen granos comestibles.",,"Su infrutescencia femenina se llama mazorca, elote o choclo y allí crecen granos comestibles.",,
888,POL-9532FEDB-2023,Avicennia germinans,Mangle negro,"Avicennia germinans, llamado popularmente mangle blanco,​ mangle prieto o mangle negro,​ es un árbol de la familia Acanthaceae.​ Desempeña un papel clave en el ecosistema del manglar como barrera contra las mareas y resguardo, crianza y protección de la vida silvestre.","Avicennia germinans, llamado popularmente mangle blanco,​ mangle prieto o mangle negro,​ es un árbol de la familia Acanthaceae.​ Desempeña un papel clave en el ecosistema del manglar como barrera contra las mareas y resguardo, crianza y protección de la vida silvestre. Crece en regiones tropicales y subtropicales de América, en ambas costas, del Atlántico y del Pacífico, y en la costa del Atlántico de África tropical, donde prospera en las orillas arenosas.",Es común en áreas costeras de Texas y Florida y habita desde norte de Luisiana y Georgia en los Estados Unidos y por las costas hasta Sudamérica.,,,
889,POL-8F0872DE-2022,Delonix regia,Flaming,"En América Tropical se considera como especie exótica ornamental, por lo que tiene una distribución amplia.","Delonix regia, comúnmente llamado Chivato, Tabachín, Malinche, Árbol de Caballero, Árbol de fuego​, Ponciana Real,  flamboyant, flamboyán, Framboyán de Madagascar o Clavellino de Madagascar, entre otros nombres, es un árbol de la familia de las fabáceas. Es uno de los árboles más coloridos del mundo por sus flores rojas, anaranjadas, y por su follaje verde brillante puede llegar a medir hasta 12 m.","Es uno de los árboles más coloridos del mundo por sus flores rojas, anaranjadas, y por su follaje verde brillante puede llegar a medir hasta 12 m.",,"En América Tropical se considera como especie exótica ornamental, por lo que tiene una distribución amplia.",
890,POL-6C573C6D-2024,Eichhornia crassipes,Lirio acuático,Su abundancia cambia drásticamente las condiciones de los humedales.,"Quizás esté buscando el género Victoria de la familia de las ninfáceas. El jacinto de agua, lirio acuático, flor de bora, buchón de agua, camalote, aguapey, lechuguín,​ tarope, tarulla, taruya o  reyna (Eichhornia crassipes)  es una planta acuática de la familia de las Pontederiaceae.","El jacinto de agua, lirio acuático, flor de bora, buchón de agua, camalote, aguapey, lechuguín,​ tarope, tarulla, taruya o  reyna (Eichhornia crassipes)  es una planta acuática de la familia de las Pontederiaceae.",,"Es usada como planta medicinal, fertilizante de suelos y decorativa.",
891,POL-4B134629-2025,Zea mays,Maíz,,"El maíz (Zea mays) o choclo es una especie de planta gramínea originaria de Mesoamérica. Su infrutescencia femenina se llama mazorca, elote o choclo y allí crecen granos comestibles.",,"Su infrutescencia femenina se llama mazorca, elote o choclo y allí crecen granos comestibles.",,
892,POL-9F70CC08-2023,Rhizophora mangle,Mangle rojo,"Rhizophora mangle llamado comúnmente mangle rojo ​ es una especie vegetal de la familia Rhizophoraceae,​ la cual cuenta con alrededor de 120 especies distribuidas en 16 géneros, siendo el género Rhizophora el más conocido, dominando las partes más anegadas de los ecosistemas manglar y la zona intermareal.","Rhizophora mangle llamado comúnmente mangle rojo ​ es una especie vegetal de la familia Rhizophoraceae,​ la cual cuenta con alrededor de 120 especies distribuidas en 16 géneros, siendo el género Rhizophora el más conocido, dominando las partes más anegadas de los ecosistemas manglar y la zona intermareal. Es una especie adaptada a ambientes salinos y tolera mayor salinidad que los otros mangles y sirve de refugio a animales terrestres y acuáticos.​ El mangle rojo es uno de los árboles emblemáticos de Venezuela.​ Tiene múltiples usos desde maderable, medicinal, curtiente, para construcción y melífero.​​",,,"Es una especie adaptada a ambientes salinos y tolera mayor salinidad que los otros mangles y sirve de refugio a animales terrestres y acuáticos.​ El mangle rojo es uno de los árboles emblemáticos de Venezuela.​ Tiene múltiples usos desde maderable, medicinal, curtiente, para construcción y melífero.​​",
893,POL-EC4BB719-2024,Eichhornia crassipes,Lirio acuático,Su abundancia cambia drásticamente las condiciones de los humedales.,"Quizás esté buscando el género Victoria de la familia de las ninfáceas. El jacinto de agua, lirio acuático, flor de bora, buchón de agua, camalote, aguapey, lechuguín,​ tarope, tarulla, taruya o  reyna (Eichhornia crassipes)  es una planta acuática de la familia de las Pontederiaceae.","El jacinto de agua, lirio acuático, flor de bora, buchón de agua, camalote, aguapey, lechuguín,​ tarope, tarulla, taruya o  reyna (Eichhornia crassipes)  es una planta acuática de la familia de las Pontederiaceae.",,"Es usada como planta medicinal, fertilizante de suelos y decorativa.",
894,POL-E614862B-2024,Solanum lycopersicum,Tomate,,"Solanum lycopersicum, conocida comúnmente como tomate o tomatera es una especie de planta herbácea del género Solanum de la familia Solanaceae. Es una planta de importancia global por su uso como alimento.​ La planta es cultivada en el mundo entero para el consumo de su fruto, el tomate o jitomate, tanto fresco como procesado de diferentes maneras: salsa, puré, zumo, deshidratado, enlatado, etc.",,"Es una planta de importancia global por su uso como alimento.​ La planta es cultivada en el mundo entero para el consumo de su fruto, el tomate o jitomate, tanto fresco como procesado de diferentes maneras: salsa, puré, zumo, deshidratado, enlatado, etc.","Es una planta de importancia global por su uso como alimento.​ La planta es cultivada en el mundo entero para el consumo de su fruto, el tomate o jitomate, tanto fresco como procesado de diferentes maneras: salsa, puré, zumo, deshidratado, enlatado, etc.",
895,POL-87F445E4-2025,Piscidia piscipula,Jabín,"Piscidia piscipula, llamado comúnmente barbasco, palo de agua, jabil, jabín o chijol, es una especie de árbol tropical de tamaño mediano, de hojas caducas, nativa del sur de Florida, los Cayos de la Florida, Tejas, de Antillas y América Latina.","Piscidia piscipula, llamado comúnmente barbasco, palo de agua, jabil, jabín o chijol, es una especie de árbol tropical de tamaño mediano, de hojas caducas, nativa del sur de Florida, los Cayos de la Florida, Tejas, de Antillas y América Latina. El árbol tiene valor medicinal como analgésico y sedante.​ Piscidia piscipula fue descrita por (L.) Sarg.","Piscidia piscipula, llamado comúnmente barbasco, palo de agua, jabil, jabín o chijol, es una especie de árbol tropical de tamaño mediano, de hojas caducas, nativa del sur de Florida, los Cayos de la Florida, Tejas, de Antillas y América Latina.",,El árbol tiene valor medicinal como analgésico y sedante.​ Piscidia piscipula fue descrita por (L.) Sarg.,
896,POL-DCF11E1A-2024,Cordia dodecandra,Siricote,,"El siricote o ciricote (Cordia dodecandra)​es un árbol de la familia de las Boraginaceas, originario del sur de México, Guatemala y Belice. Es un árbol caducifolio de flores amarillo-rojizas que llega a crecer hasta 30 m de altura.",Es un árbol caducifolio de flores amarillo-rojizas que llega a crecer hasta 30 m de altura.,"Generalmente se cultiva con fines de ornamentación; además, su madera se usa para la fabricación de muebles y guitarras y como remedio casero contra resfriados; su fruta es comestible y sus hojas se usan con fines de limpieza.​","Generalmente se cultiva con fines de ornamentación; además, su madera se usa para la fabricación de muebles y guitarras y como remedio casero contra resfriados; su fruta es comestible y sus hojas se usan con fines de limpieza.​",
897,POL-55AACF1B-2022,Capsicum annuum,Chile,,"Capsicum annuum, llamado comúnmente pimiento morrón, pimiento dulce, chile morrón, ají morrón, ají dulce, locote o en algunos países pimentón, entre una multitud de localismos, es la especie más conocida, extendida y cultivada del género Capsicum, de la familia de las solanáceas. Todas las innumerables formas, tamaños, colores y sabores de sus frutos, descritos y nombrados en la cultura popular, corresponden en realidad a esta misma especie.",,"Todas las innumerables formas, tamaños, colores y sabores de sus frutos, descritos y nombrados en la cultura popular, corresponden en realidad a esta misma especie.",,
898,POL-BB4D0959-2023,Cordia dodecandra,Siricote,,"El siricote o ciricote (Cordia dodecandra)​es un árbol de la familia de las Boraginaceas, originario del sur de México, Guatemala y Belice. Es un árbol caducifolio de flores amarillo-rojizas que llega a crecer hasta 30 m de altura.",Es un árbol caducifolio de flores amarillo-rojizas que llega a crecer hasta 30 m de altura.,"Generalmente se cultiva con fines de ornamentación; además, su madera se usa para la fabricación de muebles y guitarras y como remedio casero contra resfriados; su fruta es comestible y sus hojas se usan con fines de limpieza.​","Generalmente se cultiva con fines de ornamentación; además, su madera se usa para la fabricación de muebles y guitarras y como remedio casero contra resfriados; su fruta es comestible y sus hojas se usan con fines de limpieza.​",
899,POL-54C67A44-2025,Solanum lycopersicum,Tomate,,"Solanum lycopersicum, conocida comúnmente como tomate o tomatera es una especie de planta herbácea del género Solanum de la familia Solanaceae. Es una planta de importancia global por su uso como alimento.​ La planta es cultivada en el mundo entero para el consumo de su fruto, el tomate o jitomate, tanto fresco como procesado de diferentes maneras: salsa, puré, zumo, deshidratado, enlatado, etc.",,"Es una planta de importancia global por su uso como alimento.​ La planta es cultivada en el mundo entero para el consumo de su fruto, el tomate o jitomate, tanto fresco como procesado de diferentes maneras: salsa, puré, zumo, deshidratado, enlatado, etc.","Es una planta de importancia global por su uso como alimento.​ La planta es cultivada en el mundo entero para el consumo de su fruto, el tomate o jitomate, tanto fresco como procesado de diferentes maneras: salsa, puré, zumo, deshidratado, enlatado, etc.",
900,POL-3ED5BDA0-2023,Cordia dodecandra,Siricote,,"El siricote o ciricote (Cordia dodecandra)​es un árbol de la familia de las Boraginaceas, originario del sur de México, Guatemala y Belice. Es un árbol caducifolio de flores amarillo-rojizas que llega a crecer hasta 30 m de altura.",Es un árbol caducifolio de flores amarillo-rojizas que llega a crecer hasta 30 m de altura.,"Generalmente se cultiva con fines de ornamentación; además, su madera se usa para la fabricación de muebles y guitarras y como remedio casero contra resfriados; su fruta es comestible y sus hojas se usan con fines de limpieza.​","Generalmente se cultiva con fines de ornamentación; además, su madera se usa para la fabricación de muebles y guitarras y como remedio casero contra resfriados; su fruta es comestible y sus hojas se usan con fines de limpieza.​",
901,POL-11A9DDE8-2022,Cordia dodecandra,Siricote,,"El siricote o ciricote (Cordia dodecandra)​es un árbol de la familia de las Boraginaceas, originario del sur de México, Guatemala y Belice. Es un árbol caducifolio de flores amarillo-rojizas que llega a crecer hasta 30 m de altura.",Es un árbol caducifolio de flores amarillo-rojizas que llega a crecer hasta 30 m de altura.,"Generalmente se cultiva con fines de ornamentación; además, su madera se usa para la fabricación de muebles y guitarras y como remedio casero contra resfriados; su fruta es comestible y sus hojas se usan con fines de limpieza.​","Generalmente se cultiva con fines de ornamentación; además, su madera se usa para la fabricación de muebles y guitarras y como remedio casero contra resfriados; su fruta es comestible y sus hojas se usan con fines de limpieza.​",
902,POL-696107BC-2024,Cordia dodecandra,Siricote,,"El siricote o ciricote (Cordia dodecandra)​es un árbol de la familia de las Boraginaceas, originario del sur de México, Guatemala y Belice. Es un árbol caducifolio de flores amarillo-rojizas que llega a crecer hasta 30 m de altura.",Es un árbol caducifolio de flores amarillo-rojizas que llega a crecer hasta 30 m de altura.,"Generalmente se cultiva con fines de ornamentación; además, su madera se usa para la fabricación de muebles y guitarras y como remedio casero contra resfriados; su fruta es comestible y sus hojas se usan con fines de limpieza.​","Generalmente se cultiva con fines de ornamentación; además, su madera se usa para la fabricación de muebles y guitarras y como remedio casero contra resfriados; su fruta es comestible y sus hojas se usan con fines de limpieza.​",
903,POL-DB7EE01B-2023,Plumeria rubra,Flor de mayo,"Plumeria rubra, de nombre común cacaloxóchitl, cacalosúchil, flor de mayo y franchipán, entre otros, es una especie del género Plumeria oriunda de México, América Central y Venezuela y ampliamente cultivada en zonas tropicales y subtropicales de todo el mundo,además de ser la Flor Nacional de Nicaragua.","Plumeria rubra, de nombre común cacaloxóchitl, cacalosúchil, flor de mayo y franchipán, entre otros, es una especie del género Plumeria oriunda de México, América Central y Venezuela y ampliamente cultivada en zonas tropicales y subtropicales de todo el mundo,además de ser la Flor Nacional de Nicaragua.","Plumeria rubra, de nombre común cacaloxóchitl, cacalosúchil, flor de mayo y franchipán, entre otros, es una especie del género Plumeria oriunda de México, América Central y Venezuela y ampliamente cultivada en zonas tropicales y subtropicales de todo el mundo,además de ser la Flor Nacional de Nicaragua.",,,
904,POL-C433DCD4-2023,Bougainvillea spectabilis,Bugambilia,,Bougainvillea spectabilis es una planta trepadora de la familia Nyctaginaceae. Es originaria de Brasil donde se encuentra en la Amazonia y la Mata Atlántica.​,,,,
905,POL-3B08ED3D-2023,Zea mays,Maíz,,"El maíz (Zea mays) o choclo es una especie de planta gramínea originaria de Mesoamérica. Su infrutescencia femenina se llama mazorca, elote o choclo y allí crecen granos comestibles.",,"Su infrutescencia femenina se llama mazorca, elote o choclo y allí crecen granos comestibles.",,
906,POL-0FAC2B24-2025,Roystonea regia,Palma real cubana,,"Roystonea regia, conocida como palma real, es una especie de  palma cuya altura, elegancia y fácil cultivo la ha convertido en una de los árboles utilizados como ornamental más común en el mundo. Es también el más simbólico de los campos de Cuba,  donde es reconocido como árbol nacional.",,,"Roystonea regia, conocida como palma real, es una especie de  palma cuya altura, elegancia y fácil cultivo la ha convertido en una de los árboles utilizados como ornamental más común en el mundo.",
907,POL-1DE6FE8B-2024,Pistia stratiotes,Lechuga de agua,,Pistia stratiotes es la única especie del género monotípico Pistia. Esta planta acuática de la familia Araceae es llamada comúnmente repollito del agua o lechuga de agua.,,,,
908,POL-8FD2AE88-2022,Monstera deliciosa,Costilla de Adán,"Monstera deliciosa, llamada comúnmente cerimán o costilla de Adán, es una especie de planta trepadora de la familia Araceae, endémica de selvas tropicales, que se distribuye desde el centro y sur de México hasta el norte de Argentina.[cita requerida]","Monstera deliciosa, llamada comúnmente cerimán o costilla de Adán, es una especie de planta trepadora de la familia Araceae, endémica de selvas tropicales, que se distribuye desde el centro y sur de México hasta el norte de Argentina.[cita requerida]",,,,
909,POL-E9397A11-2023,Bursera simaruba,Chaká,"El palo mulato (Bursera simaruba), también conocido como chacaj,​ carate,​ indio desnudo, jiote, jiñocuabo, chaká, encuero o almácigo, es un árbol de la familia Burseraceae, nativo de regiones tropicales de América desde el sudeste de Estados Unidos (sur de Florida), México, América Central, Cuba, las Antillas, Brasil, Colombia y Venezuela.","El palo mulato (Bursera simaruba), también conocido como chacaj,​ carate,​ indio desnudo, jiote, jiñocuabo, chaká, encuero o almácigo, es un árbol de la familia Burseraceae, nativo de regiones tropicales de América desde el sudeste de Estados Unidos (sur de Florida), México, América Central, Cuba, las Antillas, Brasil, Colombia y Venezuela. Su tronco es resinoso y aromático, y su corteza rojiza o verdosa, la cual se desprende en capas.","El palo mulato (Bursera simaruba), también conocido como chacaj,​ carate,​ indio desnudo, jiote, jiñocuabo, chaká, encuero o almácigo, es un árbol de la familia Burseraceae, nativo de regiones tropicales de América desde el sudeste de Estados Unidos (sur de Florida), México, América Central, Cuba, las Antillas, Brasil, Colombia y Venezuela.",,,
910,POL-1E067F42-2025,Aloe vera,Sábila,"Con unas quinientas (500) especies, el aloe está ampliamente distribuido y se considera una especie invasora en muchas regiones del mundo.​​
Es una planta de hoja perenne, probablemente se originó en la península arábiga, pero crece de forma silvestre en climas tropicales, semitropicales y áridos de todo el mundo.​ Se cultiva para productos comerciales, principalmente como tratamiento tópico utilizado durante siglos.​​ La especie es atractiva con fines decorativos y tiene éxito en interiores como planta de maceta.​
Se utiliza en muchos productos de consumo, incluidas bebidas, lociones para la piel, cosméticos, ungüentos o en forma de gel para quemaduras menores y quemaduras solares.","Aloe vera, también llamada sábila, es una especie suculenta de la familia Asphodelaceae. Con unas quinientas (500) especies, el aloe está ampliamente distribuido y se considera una especie invasora en muchas regiones del mundo.​​
Es una planta de hoja perenne, probablemente se originó en la península arábiga, pero crece de forma silvestre en climas tropicales, semitropicales y áridos de todo el mundo.​ Se cultiva para productos comerciales, principalmente como tratamiento tópico utilizado durante siglos.​​ La especie es atractiva con fines decorativos y tiene éxito en interiores como planta de maceta.​
Se utiliza en muchos productos de consumo, incluidas bebidas, lociones para la piel, cosméticos, ungüentos o en forma de gel para quemaduras menores y quemaduras solares.",,,,
911,POL-252CA75B-2022,Conocarpus erectus,Mangle botoncillo,"El mangle botoncillo o mangle zaragoza (Conocarpus erectus) es un árbol de la familia Combretaceae que crece en las costas, en las regiones tropicales y subtropicales de todo el mundo, incluyendo Florida, las Bermudas, las Bahamas, el Caribe, Centroamérica y desde el sur de México hasta Brasil en la costa atlántica y de México a Ecuador en la costa del Pacífico, así como en África occidental, Melanesia y Polinesia.","El mangle botoncillo o mangle zaragoza (Conocarpus erectus) es un árbol de la familia Combretaceae que crece en las costas, en las regiones tropicales y subtropicales de todo el mundo, incluyendo Florida, las Bermudas, las Bahamas, el Caribe, Centroamérica y desde el sur de México hasta Brasil en la costa atlántica y de México a Ecuador en la costa del Pacífico, así como en África occidental, Melanesia y Polinesia. Es una de las dos especies de mangles pertenecientes al género Conocarpus.","El mangle botoncillo o mangle zaragoza (Conocarpus erectus) es un árbol de la familia Combretaceae que crece en las costas, en las regiones tropicales y subtropicales de todo el mundo, incluyendo Florida, las Bermudas, las Bahamas, el Caribe, Centroamérica y desde el sur de México hasta Brasil en la costa atlántica y de México a Ecuador en la costa del Pacífico, así como en África occidental, Melanesia y Polinesia.",,,
912,POL-4C7C99EF-2024,Delonix regia,Flaming,"En América Tropical se considera como especie exótica ornamental, por lo que tiene una distribución amplia.","Delonix regia, comúnmente llamado Chivato, Tabachín, Malinche, Árbol de Caballero, Árbol de fuego​, Ponciana Real,  flamboyant, flamboyán, Framboyán de Madagascar o Clavellino de Madagascar, entre otros nombres, es un árbol de la familia de las fabáceas. Es uno de los árboles más coloridos del mundo por sus flores rojas, anaranjadas, y por su follaje verde brillante puede llegar a medir hasta 12 m.","Es uno de los árboles más coloridos del mundo por sus flores rojas, anaranjadas, y por su follaje verde brillante puede llegar a medir hasta 12 m.",,"En América Tropical se considera como especie exótica ornamental, por lo que tiene una distribución amplia.",
913,POL-10C3EC91-2023,Philodendron spp.,Filodendro,,Planta del grupo; características morfológicas varían por especie.,,,,fallback template (no wiki extract)
914,POL-B8251AAC-2023,Delonix regia,Flaming,"En América Tropical se considera como especie exótica ornamental, por lo que tiene una distribución amplia.","Delonix regia, comúnmente llamado Chivato, Tabachín, Malinche, Árbol de Caballero, Árbol de fuego​, Ponciana Real,  flamboyant, flamboyán, Framboyán de Madagascar o Clavellino de Madagascar, entre otros nombres, es un árbol de la familia de las fabáceas. Es uno de los árboles más coloridos del mundo por sus flores rojas, anaranjadas, y por su follaje verde brillante puede llegar a medir hasta 12 m.","Es uno de los árboles más coloridos del mundo por sus flores rojas, anaranjadas, y por su follaje verde brillante puede llegar a medir hasta 12 m.",,"En América Tropical se considera como especie exótica ornamental, por lo que tiene una distribución amplia.",
915,POL-2D036926-2023,Mentha spicata,Menta,,"Mentha spicata, conocida popularmente como hierbabuena, yerbabuena o menta de jardín, es una especie del género Mentha, una hierba aromática muy empleada en gastronomía y perfumería por su aroma intenso y fresco.",,,,
916,POL-9B947DBD-2024,Rhizophora mangle,Mangle rojo,"Rhizophora mangle llamado comúnmente mangle rojo ​ es una especie vegetal de la familia Rhizophoraceae,​ la cual cuenta con alrededor de 120 especies distribuidas en 16 géneros, siendo el género Rhizophora el más conocido, dominando las partes más anegadas de los ecosistemas manglar y la zona intermareal.","Rhizophora mangle llamado comúnmente mangle rojo ​ es una especie vegetal de la familia Rhizophoraceae,​ la cual cuenta con alrededor de 120 especies distribuidas en 16 géneros, siendo el género Rhizophora el más conocido, dominando las partes más anegadas de los ecosistemas manglar y la zona intermareal. Es una especie adaptada a ambientes salinos y tolera mayor salinidad que los otros mangles y sirve de refugio a animales terrestres y acuáticos.​ El mangle rojo es uno de los árboles emblemáticos de Venezuela.​ Tiene múltiples usos desde maderable, medicinal, curtiente, para construcción y melífero.​​",,,"Es una especie adaptada a ambientes salinos y tolera mayor salinidad que los otros mangles y sirve de refugio a animales terrestres y acuáticos.​ El mangle rojo es uno de los árboles emblemáticos de Venezuela.​ Tiene múltiples usos desde maderable, medicinal, curtiente, para construcción y melífero.​​",
917,POL-84DA618C-2024,Astrocaryum mexicanum,Chocho,,Astrocaryum mexicanum es una especie de planta de la familia de las palmeras (Arecaceae). Astrocaryum mexicanum fue descrita por Liebm.,,,,
918,POL-94F9BAAF-2023,Piscidia piscipula,Jabín,"Piscidia piscipula, llamado comúnmente barbasco, palo de agua, jabil, jabín o chijol, es una especie de árbol tropical de tamaño mediano, de hojas caducas, nativa del sur de Florida, los Cayos de la Florida, Tejas, de Antillas y América Latina.","Piscidia piscipula, llamado comúnmente barbasco, palo de agua, jabil, jabín o chijol, es una especie de árbol tropical de tamaño mediano, de hojas caducas, nativa del sur de Florida, los Cayos de la Florida, Tejas, de Antillas y América Latina. El árbol tiene valor medicinal como analgésico y sedante.​ Piscidia piscipula fue descrita por (L.) Sarg.","Piscidia piscipula, llamado comúnmente barbasco, palo de agua, jabil, jabín o chijol, es una especie de árbol tropical de tamaño mediano, de hojas caducas, nativa del sur de Florida, los Cayos de la Florida, Tejas, de Antillas y América Latina.",,El árbol tiene valor medicinal como analgésico y sedante.​ Piscidia piscipula fue descrita por (L.) Sarg.,
919,POL-88E8E093-2024,Anthurium spp.,Anturio,,Planta del grupo; características morfológicas varían por especie.,,,,fallback template (no wiki extract)
920,POL-F0B342F7-2023,Thymus vulgaris,Tomillo,,"El tomillo común (Thymus vulgaris), también tomillo vulgar o simplemente tomillo es un arbusto de la familia de las labiadas ampliamente usado en gastronomía y medicina. Se caracteriza por sus aceites esenciales que producen un olor aromático agradable e intenso, con el que atrae a polinizadores de Diptera e Hymenoptera.​​ Entre las diversas propiedades medicinales que tiene el tomillo se pueden mencionar que es digestivo, antiséptico y vigorizante.​​
Se considera una de las «hierbas mediterráneas», un grupo de plantas aromáticas que se usan en las cocinas tradicionales del Mediterráneo, junto con el romero, el orégano, la mejorana, la albahaca, etcétera.​ El tomillo vulgar se ha adaptado a otros ecosistemas en América, África y Asia.​ No se debe confundir el tomillo vulgar con el tomillo limón (T.",,,"El tomillo común (Thymus vulgaris), también tomillo vulgar o simplemente tomillo es un arbusto de la familia de las labiadas ampliamente usado en gastronomía y medicina.",
921,POL-10283AB7-2024,Cordia dodecandra,Siricote,,"El siricote o ciricote (Cordia dodecandra)​es un árbol de la familia de las Boraginaceas, originario del sur de México, Guatemala y Belice. Es un árbol caducifolio de flores amarillo-rojizas que llega a crecer hasta 30 m de altura.",Es un árbol caducifolio de flores amarillo-rojizas que llega a crecer hasta 30 m de altura.,"Generalmente se cultiva con fines de ornamentación; además, su madera se usa para la fabricación de muebles y guitarras y como remedio casero contra resfriados; su fruta es comestible y sus hojas se usan con fines de limpieza.​","Generalmente se cultiva con fines de ornamentación; además, su madera se usa para la fabricación de muebles y guitarras y como remedio casero contra resfriados; su fruta es comestible y sus hojas se usan con fines de limpieza.​",
922,POL-F0E93908-2022,Anthurium spp.,Anturio,,Planta del grupo; características morfológicas varían por especie.,,,,fallback template (no wiki extract)
923,POL-A080CFCD-2023,Heliconia spp.,Heliconia,,Planta del grupo; características morfológicas varían por especie.,,,,fallback template (no wiki extract)
924,POL-D5BF6D67-2022,Avicennia germinans,Mangle negro,"Avicennia germinans, llamado popularmente mangle blanco,​ mangle prieto o mangle negro,​ es un árbol de la familia Acanthaceae.​ Desempeña un papel clave en el ecosistema del manglar como barrera contra las mareas y resguardo, crianza y protección de la vida silvestre.","Avicennia germinans, llamado popularmente mangle blanco,​ mangle prieto o mangle negro,​ es un árbol de la familia Acanthaceae.​ Desempeña un papel clave en el ecosistema del manglar como barrera contra las mareas y resguardo, crianza y protección de la vida silvestre. Crece en regiones tropicales y subtropicales de América, en ambas costas, del Atlántico y del Pacífico, y en la costa del Atlántico de África tropical, donde prospera en las orillas arenosas.",Es común en áreas costeras de Texas y Florida y habita desde norte de Luisiana y Georgia en los Estados Unidos y por las costas hasta Sudamérica.,,,
925,POL-391AAD03-2024,Zea mays,Maíz,,"El maíz (Zea mays) o choclo es una especie de planta gramínea originaria de Mesoamérica. Su infrutescencia femenina se llama mazorca, elote o choclo y allí crecen granos comestibles.",,"Su infrutescencia femenina se llama mazorca, elote o choclo y allí crecen granos comestibles.",,
926,POL-3C83034B-2022,Ocimum basilicum,Albahaca,"Ocimum basilicum es una hierba aromática anual de la familia de las lamiáceas nativa de las regiones tropicales de África Central y el sudeste asiático, que se cultiva desde hace milenios.​ Es una planta tierna y se utiliza en cocinas de todo el mundo.","Ocimum basilicum es una hierba aromática anual de la familia de las lamiáceas nativa de las regiones tropicales de África Central y el sudeste asiático, que se cultiva desde hace milenios.​ Es una planta tierna y se utiliza en cocinas de todo el mundo. Hay muchas variedades de Ocimum basilicum, así como varias especies relacionadas.","thyrsiflora), Ocimum × citriodorum y el tulsí.",,,
927,POL-50E765C6-2023,Delonix regia,Flaming,"En América Tropical se considera como especie exótica ornamental, por lo que tiene una distribución amplia.","Delonix regia, comúnmente llamado Chivato, Tabachín, Malinche, Árbol de Caballero, Árbol de fuego​, Ponciana Real,  flamboyant, flamboyán, Framboyán de Madagascar o Clavellino de Madagascar, entre otros nombres, es un árbol de la familia de las fabáceas. Es uno de los árboles más coloridos del mundo por sus flores rojas, anaranjadas, y por su follaje verde brillante puede llegar a medir hasta 12 m.","Es uno de los árboles más coloridos del mundo por sus flores rojas, anaranjadas, y por su follaje verde brillante puede llegar a medir hasta 12 m.",,"En América Tropical se considera como especie exótica ornamental, por lo que tiene una distribución amplia.",
928,POL-77AAD206-2023,Ceiba pentandra,Ceiba,"En algunas zonas al árbol y la fibra que se obtiene de las semillas se les llama en inglés como kapok, nombre derivado del malayo que originalmente se aplicaba a Bombax ceiba, nativo de Asia tropical.​ Es originario de la región de Mesoamérica y se distribuye mundialmente por la zona intertropical.​​ Se cultiva en plantaciones para la obtención de fibra y aceite, así como también se utiliza de forma ornamental, en la reforestación y la carpintería.​","Ceiba pentandra, llamado comúnmente ceiba, ceibo, pochote, huimba, o yaxché,​ es un árbol de la familia Malvaceae​ (anteriormente perteneciente a la familia Bombacaceae). En algunas zonas al árbol y la fibra que se obtiene de las semillas se les llama en inglés como kapok, nombre derivado del malayo que originalmente se aplicaba a Bombax ceiba, nativo de Asia tropical.​ Es originario de la región de Mesoamérica y se distribuye mundialmente por la zona intertropical.​​ Se cultiva en plantaciones para la obtención de fibra y aceite, así como también se utiliza de forma ornamental, en la reforestación y la carpintería.​",,"En algunas zonas al árbol y la fibra que se obtiene de las semillas se les llama en inglés como kapok, nombre derivado del malayo que originalmente se aplicaba a Bombax ceiba, nativo de Asia tropical.​ Es originario de la región de Mesoamérica y se distribuye mundialmente por la zona intertropical.​​ Se cultiva en plantaciones para la obtención de fibra y aceite, así como también se utiliza de forma ornamental, en la reforestación y la carpintería.​","En algunas zonas al árbol y la fibra que se obtiene de las semillas se les llama en inglés como kapok, nombre derivado del malayo que originalmente se aplicaba a Bombax ceiba, nativo de Asia tropical.​ Es originario de la región de Mesoamérica y se distribuye mundialmente por la zona intertropical.​​ Se cultiva en plantaciones para la obtención de fibra y aceite, así como también se utiliza de forma ornamental, en la reforestación y la carpintería.​",
929,POL-72DC7FF4-2025,Anthurium spp.,Anturio,,Planta del grupo; características morfológicas varían por especie.,,,,fallback template (no wiki extract)
930,POL-263DE830-2024,Thymus vulgaris,Tomillo,,"El tomillo común (Thymus vulgaris), también tomillo vulgar o simplemente tomillo es un arbusto de la familia de las labiadas ampliamente usado en gastronomía y medicina. Se caracteriza por sus aceites esenciales que producen un olor aromático agradable e intenso, con el que atrae a polinizadores de Diptera e Hymenoptera.​​ Entre las diversas propiedades medicinales que tiene el tomillo se pueden mencionar que es digestivo, antiséptico y vigorizante.​​
Se considera una de las «hierbas mediterráneas», un grupo de plantas aromáticas que se usan en las cocinas tradicionales del Mediterráneo, junto con el romero, el orégano, la mejorana, la albahaca, etcétera.​ El tomillo vulgar se ha adaptado a otros ecosistemas en América, África y Asia.​ No se debe confundir el tomillo vulgar con el tomillo limón (T.",,,"El tomillo común (Thymus vulgaris), también tomillo vulgar o simplemente tomillo es un arbusto de la familia de las labiadas ampliamente usado en gastronomía y medicina.",
931,POL-C06AFD8A-2025,Manihot esculenta,Yuca,Es originaria del centro de América del Sur y se ha cultivado en la mayor parte de las zonas tropicales y subtropicales del continente americano.,"Manihot esculenta, llamada comúnmente yuca, aipim, casabe, casava, guacamota, lumu o mandioca, es un arbusto perenne de la familia de las euforbiáceas extensamente cultivado en América, África y Oceanía por sus raíces con almidones de alto valor alimentario. Es originaria del centro de América del Sur y se ha cultivado en la mayor parte de las zonas tropicales y subtropicales del continente americano.",,,"Manihot esculenta, llamada comúnmente yuca, aipim, casabe, casava, guacamota, lumu o mandioca, es un arbusto perenne de la familia de las euforbiáceas extensamente cultivado en América, África y Oceanía por sus raíces con almidones de alto valor alimentario.",
932,POL-E4FD3CDB-2024,Astrocaryum mexicanum,Chocho,,Astrocaryum mexicanum es una especie de planta de la familia de las palmeras (Arecaceae). Astrocaryum mexicanum fue descrita por Liebm.,,,,
933,POL-E822E768-2023,Rosmarinus officinalis,Romero,,"Salvia rosmarinus,​ conocida popularmente como romero, es una hierba leñosa perenne, con follaje siempre verde y flores blancas, rosas, púrpuras o azules, perteneciente a la familia Lamiaceae, nativa de la región mediterránea. Hasta el año 2017 la especie era conocida por el nombre científico Rosmarinus officinalis, ahora un sinónimo.​​","Salvia rosmarinus,​ conocida popularmente como romero, es una hierba leñosa perenne, con follaje siempre verde y flores blancas, rosas, púrpuras o azules, perteneciente a la familia Lamiaceae, nativa de la región mediterránea.",,,
934,POL-D5336BB7-2022,Chamaedorea elegans,Palma camedor,,"Chamaedorea elegans, también conocida como camaedorea, pacaya o palmera de salón, es una especie de pequeña palmera perteneciente a la familia Arecaceae. Es muy popular como planta de interior.",,,,
935,POL-D8DF0F1B-2023,Attalea cohune,Cohune,,El corozo (Attalea cohune) es una palmera que se encuentra dentro de la familia Arecaceae.,,,,
936,POL-5BC3A330-2023,Pistia stratiotes,Lechuga de agua,,Pistia stratiotes es la única especie del género monotípico Pistia. Esta planta acuática de la familia Araceae es llamada comúnmente repollito del agua o lechuga de agua.,,,,
937,POL-545EC6EA-2025,Bougainvillea spectabilis,Bugambilia,,Bougainvillea spectabilis es una planta trepadora de la familia Nyctaginaceae. Es originaria de Brasil donde se encuentra en la Amazonia y la Mata Atlántica.​,,,,
938,POL-BA0AA947-2024,Eichhornia crassipes,Lirio acuático,Su abundancia cambia drásticamente las condiciones de los humedales.,"Quizás esté buscando el género Victoria de la familia de las ninfáceas. El jacinto de agua, lirio acuático, flor de bora, buchón de agua, camalote, aguapey, lechuguín,​ tarope, tarulla, taruya o  reyna (Eichhornia crassipes)  es una planta acuática de la familia de las Pontederiaceae.","El jacinto de agua, lirio acuático, flor de bora, buchón de agua, camalote, aguapey, lechuguín,​ tarope, tarulla, taruya o  reyna (Eichhornia crassipes)  es una planta acuática de la familia de las Pontederiaceae.",,"Es usada como planta medicinal, fertilizante de suelos y decorativa.",
939,POL-6193645A-2023,Attalea cohune,Cohune,,El corozo (Attalea cohune) es una palmera que se encuentra dentro de la familia Arecaceae.,,,,
940,POL-8FB4289D-2024,Ficus spp.,Higo,,Planta del grupo; características morfológicas varían por especie.,,,,fallback template (no wiki extract)
941,POL-5662F4EF-2024,Capsicum annuum,Chile,,"Capsicum annuum, llamado comúnmente pimiento morrón, pimiento dulce, chile morrón, ají morrón, ají dulce, locote o en algunos países pimentón, entre una multitud de localismos, es la especie más conocida, extendida y cultivada del género Capsicum, de la familia de las solanáceas. Todas las innumerables formas, tamaños, colores y sabores de sus frutos, descritos y nombrados en la cultura popular, corresponden en realidad a esta misma especie.",,"Todas las innumerables formas, tamaños, colores y sabores de sus frutos, descritos y nombrados en la cultura popular, corresponden en realidad a esta misma especie.",,
942,POL-AF721111-2022,Delonix regia,Flaming,"En América Tropical se considera como especie exótica ornamental, por lo que tiene una distribución amplia.","Delonix regia, comúnmente llamado Chivato, Tabachín, Malinche, Árbol de Caballero, Árbol de fuego​, Ponciana Real,  flamboyant, flamboyán, Framboyán de Madagascar o Clavellino de Madagascar, entre otros nombres, es un árbol de la familia de las fabáceas. Es uno de los árboles más coloridos del mundo por sus flores rojas, anaranjadas, y por su follaje verde brillante puede llegar a medir hasta 12 m.","Es uno de los árboles más coloridos del mundo por sus flores rojas, anaranjadas, y por su follaje verde brillante puede llegar a medir hasta 12 m.",,"En América Tropical se considera como especie exótica ornamental, por lo que tiene una distribución amplia.",
943,POL-4F4DB29B-2022,Anthurium spp.,Anturio,,Planta del grupo; características morfológicas varían por especie.,,,,fallback template (no wiki extract)
944,POL-44776D38-2023,Solanum lycopersicum,Tomate,,"Solanum lycopersicum, conocida comúnmente como tomate o tomatera es una especie de planta herbácea del género Solanum de la familia Solanaceae. Es una planta de importancia global por su uso como alimento.​ La planta es cultivada en el mundo entero para el consumo de su fruto, el tomate o jitomate, tanto fresco como procesado de diferentes maneras: salsa, puré, zumo, deshidratado, enlatado, etc.",,"Es una planta de importancia global por su uso como alimento.​ La planta es cultivada en el mundo entero para el consumo de su fruto, el tomate o jitomate, tanto fresco como procesado de diferentes maneras: salsa, puré, zumo, deshidratado, enlatado, etc.","Es una planta de importancia global por su uso como alimento.​ La planta es cultivada en el mundo entero para el consumo de su fruto, el tomate o jitomate, tanto fresco como procesado de diferentes maneras: salsa, puré, zumo, deshidratado, enlatado, etc.",
945,POL-F54DB3F0-2024,Conocarpus erectus,Mangle botoncillo,"El mangle botoncillo o mangle zaragoza (Conocarpus erectus) es un árbol de la familia Combretaceae que crece en las costas, en las regiones tropicales y subtropicales de todo el mundo, incluyendo Florida, las Bermudas, las Bahamas, el Caribe, Centroamérica y desde el sur de México hasta Brasil en la costa atlántica y de México a Ecuador en la costa del Pacífico, así como en África occidental, Melanesia y Polinesia.","El mangle botoncillo o mangle zaragoza (Conocarpus erectus) es un árbol de la familia Combretaceae que crece en las costas, en las regiones tropicales y subtropicales de todo el mundo, incluyendo Florida, las Bermudas, las Bahamas, el Caribe, Centroamérica y desde el sur de México hasta Brasil en la costa atlántica y de México a Ecuador en la costa del Pacífico, así como en África occidental, Melanesia y Polinesia. Es una de las dos especies de mangles pertenecientes al género Conocarpus.","El mangle botoncillo o mangle zaragoza (Conocarpus erectus) es un árbol de la familia Combretaceae que crece en las costas, en las regiones tropicales y subtropicales de todo el mundo, incluyendo Florida, las Bermudas, las Bahamas, el Caribe, Centroamérica y desde el sur de México hasta Brasil en la costa atlántica y de México a Ecuador en la costa del Pacífico, así como en África occidental, Melanesia y Polinesia.",,,
946,POL-6B559179-2024,Ficus spp.,Higo,,Planta del grupo; características morfológicas varían por especie.,,,,fallback template (no wiki extract)
947,POL-0AE657B7-2024,Manihot esculenta,Yuca,Es originaria del centro de América del Sur y se ha cultivado en la mayor parte de las zonas tropicales y subtropicales del continente americano.,"Manihot esculenta, llamada comúnmente yuca, aipim, casabe, casava, guacamota, lumu o mandioca, es un arbusto perenne de la familia de las euforbiáceas extensamente cultivado en América, África y Oceanía por sus raíces con almidones de alto valor alimentario. Es originaria del centro de América del Sur y se ha cultivado en la mayor parte de las zonas tropicales y subtropicales del continente americano.",,,"Manihot esculenta, llamada comúnmente yuca, aipim, casabe, casava, guacamota, lumu o mandioca, es un arbusto perenne de la familia de las euforbiáceas extensamente cultivado en América, África y Oceanía por sus raíces con almidones de alto valor alimentario.",
948,POL-6DECA3EE-2025,Sabal mexicana,Palma real,,"Sabal mexicana, llamado comúnmente palmito mexicano o palma de petate,​ es una especie de la familia de las  Arecaceae nativa de Norteamérica. Está estrechamente emparentado con Sabal guatemalensis, y las dos especies pueden ser sinónimos.​​",,,,
949,POL-CFCCEF1F-2024,Phaseolus vulgaris,Frijol,,"Phaseolus vulgaris es la especie más conocida del género Phaseolus en la familia Fabaceae. Sus semillas y, por extensión, la propia planta, reciben diversos nombres según la región; entre los más comunes están: alubia,​ judía, frijol,​ frísol,​ frejol,​ habichuela,​​ caraota,​ poroto,​​ etc.",,"Sus semillas y, por extensión, la propia planta, reciben diversos nombres según la región; entre los más comunes están: alubia,​ judía, frijol,​ frísol,​ frejol,​ habichuela,​​ caraota,​ poroto,​​ etc.",,
950,POL-45CAC4AC-2025,Chamaedorea elegans,Palma camedor,,"Chamaedorea elegans, también conocida como camaedorea, pacaya o palmera de salón, es una especie de pequeña palmera perteneciente a la familia Arecaceae. Es muy popular como planta de interior.",,,,
951,POL-AC3EBD89-2024,Philodendron spp.,Filodendro,,Planta del grupo; características morfológicas varían por especie.,,,,fallback template (no wiki extract)
952,POL-31B9A730-2024,Roystonea regia,Palma real cubana,,"Roystonea regia, conocida como palma real, es una especie de  palma cuya altura, elegancia y fácil cultivo la ha convertido en una de los árboles utilizados como ornamental más común en el mundo. Es también el más simbólico de los campos de Cuba,  donde es reconocido como árbol nacional.",,,"Roystonea regia, conocida como palma real, es una especie de  palma cuya altura, elegancia y fácil cultivo la ha convertido en una de los árboles utilizados como ornamental más común en el mundo.",
953,POL-ABD69E4B-2024,Bixa orellana,Achiote,"Bixa orellana, llamada comúnmente​​ achiote, achote, achuete, acotillo, anate, bija, cacicuto, onoto, rocú, urucú, ururú, además de otros nombres locales, es una especie botánica arborescente de la familia de las bixáceas, de las regiones intertropicales de América, cultivado específicamente en América Central, Bolivia desde la época precolombina, Brasil, Colombia, Ecuador, México, Perú, República Dominicana y Venezuela​ En Paraguay crece en forma espontánea en el sotobosque nativo.","Bixa orellana, llamada comúnmente​​ achiote, achote, achuete, acotillo, anate, bija, cacicuto, onoto, rocú, urucú, ururú, además de otros nombres locales, es una especie botánica arborescente de la familia de las bixáceas, de las regiones intertropicales de América, cultivado específicamente en América Central, Bolivia desde la época precolombina, Brasil, Colombia, Ecuador, México, Perú, República Dominicana y Venezuela​ En Paraguay crece en forma espontánea en el sotobosque nativo. De su fruto se obtiene la especia homónima, empleada como colorante y condimento en la comida popular.",,"De su fruto se obtiene la especia homónima, empleada como colorante y condimento en la comida popular.",,
954,POL-2E516580-2023,Sabal mexicana,Palma real,,"Sabal mexicana, llamado comúnmente palmito mexicano o palma de petate,​ es una especie de la familia de las  Arecaceae nativa de Norteamérica. Está estrechamente emparentado con Sabal guatemalensis, y las dos especies pueden ser sinónimos.​​",,,,
955,POL-2C3876FF-2023,Rosmarinus officinalis,Romero,,"Salvia rosmarinus,​ conocida popularmente como romero, es una hierba leñosa perenne, con follaje siempre verde y flores blancas, rosas, púrpuras o azules, perteneciente a la familia Lamiaceae, nativa de la región mediterránea. Hasta el año 2017 la especie era conocida por el nombre científico Rosmarinus officinalis, ahora un sinónimo.​​","Salvia rosmarinus,​ conocida popularmente como romero, es una hierba leñosa perenne, con follaje siempre verde y flores blancas, rosas, púrpuras o azules, perteneciente a la familia Lamiaceae, nativa de la región mediterránea.",,,
956,POL-204305BB-2024,Cedrela odorata,Cedro,"Cedrela odorata, llamado comúnmente cedro americano,​ es un árbol de la familia de las Meliáceas de la zona intertropical americana.​ Su madera tiene un gran valor comercial que por su calidad se utiliza en ebanistería y carpintería, también se usa como árbol ornamental en avenidas, parques, plazas.​","Cedrela odorata, llamado comúnmente cedro americano,​ es un árbol de la familia de las Meliáceas de la zona intertropical americana.​ Su madera tiene un gran valor comercial que por su calidad se utiliza en ebanistería y carpintería, también se usa como árbol ornamental en avenidas, parques, plazas.​",,,"Cedrela odorata, llamado comúnmente cedro americano,​ es un árbol de la familia de las Meliáceas de la zona intertropical americana.​ Su madera tiene un gran valor comercial que por su calidad se utiliza en ebanistería y carpintería, también se usa como árbol ornamental en avenidas, parques, plazas.​",
957,POL-1597B5F0-2024,Plumeria rubra,Flor de mayo,"Plumeria rubra, de nombre común cacaloxóchitl, cacalosúchil, flor de mayo y franchipán, entre otros, es una especie del género Plumeria oriunda de México, América Central y Venezuela y ampliamente cultivada en zonas tropicales y subtropicales de todo el mundo,además de ser la Flor Nacional de Nicaragua.","Plumeria rubra, de nombre común cacaloxóchitl, cacalosúchil, flor de mayo y franchipán, entre otros, es una especie del género Plumeria oriunda de México, América Central y Venezuela y ampliamente cultivada en zonas tropicales y subtropicales de todo el mundo,además de ser la Flor Nacional de Nicaragua.","Plumeria rubra, de nombre común cacaloxóchitl, cacalosúchil, flor de mayo y franchipán, entre otros, es una especie del género Plumeria oriunda de México, América Central y Venezuela y ampliamente cultivada en zonas tropicales y subtropicales de todo el mundo,además de ser la Flor Nacional de Nicaragua.",,,
